﻿<?xml version="1.0" encoding="utf-8"?>
<Maps>
  <Map Type="System" Name="RJKI" Priority="0" Center="+28.321389+129.928056">
    <Runway Name="07_25">
      <Threshold Name="07" Position="+28.319404+129.922309" ExtendedCentrelineTrack="243" ExtendedCentrelineLength="5" ExtendedCentrelineTickInterval="2" />
      <Threshold Name="25" Position="+28.323838+129.933454" ExtendedCentrelineTrack="063" ExtendedCentrelineLength="5" ExtendedCentrelineTickInterval="2"/>
    </Runway>
    <Symbol Type="HollowTriangle">
      <Point>BOROS</Point>
      <Point>IKYUN</Point>
      <Point>RYUZE</Point>
      <Point>KI770</Point>
      <Point>KI550</Point>
      <Point>KI556</Point>
    </Symbol>
    <Symbol Type="SolidTriangle">
      <Point>KADON</Point>
      <Point>IKEJI</Point>
      <Point>POMAS</Point>
      <Point>BANTA</Point>
      <Point>MUCHA</Point>
    </Symbol>
    <Symbol Type="Hexagon">
      <Point>AME</Point>
    </Symbol>
    <Symbol Type="HollowSquare">
      <Point>AME</Point>
    </Symbol>
  </Map>
  <Map Type="System" Name="RJKI_LABEL" Priority="2" Center="+28.321389+129.928056">
    <Label>
      <Point>BOROS</Point>
      <Point>IKYUN</Point>
      <Point>RYUZE</Point>
      <Point>KI770</Point>
      <Point>KI550</Point>
      <Point>KI556</Point>
      <Point>KADON</Point>
      <Point>IKEJI</Point>
      <Point>POMAS</Point>
      <Point>BANTA</Point>
      <Point>MUCHA</Point>
      <Point>AME</Point>
    </Label>
  </Map>
</Maps>