﻿<?xml version="1.0" encoding="utf-8"?>
<Maps>
  <Map Type="System" Name="28" Priority="0" Center="+37.955833+139.111667">
    <Runway Name="10/28">
      <Threshold Name="10" Position="+37.956838+139.095638"/>
      <Threshold Name="28" Position="+37.955785+139.124054" ExtendedCentrelineTrack="093" ExtendedCentrelineLength="20" ExtendedCentrelineTickInterval="2" />
    </Runway>
    <Symbol Type="HollowTriangle">
      <Point>SN800</Point>
      <Point>MOKBA</Point>
      <Point>TERAD</Point>
      <Point>TAMBO</Point>
      <Point>VIKET</Point>
      <Point>OKESA</Point>
      <Point>NAEBA</Point>
      <Point>NOPPE</Point>
      <Point>OKESA</Point>
      <Point>TIGRA</Point>
      <Point>KENSI</Point>
      <Point>SUKOB</Point>
      <Point>MAGNA</Point>
      <Point>GOSEN</Point>
      <Point>KYOGA</Point>
      <Point>INAHO</Point>
      <Point>SHIUN</Point>
      <Point>HYOKO</Point>
      <Point>SIBAT</Point>
      <Point>RAISU</Point>
    </Symbol>
    <Symbol Type="Hexagon">
      <Point>GTC</Point>
    </Symbol>
  </Map>
  <Map Type="System" Name="28_LABEL" Priority="2" Center="+37.955833+139.111667">
    <Label>
      <Point>GTC</Point>
      <Point>SN800</Point>
      <Point>MOKBA</Point>
      <Point>TERAD</Point>
      <Point>TAMBO</Point>
      <Point>VIKET</Point>
      <Point>OKESA</Point>
      <Point>NAEBA</Point>
      <Point>NOPPE</Point>
      <Point>OKESA</Point>
      <Point>TIGRA</Point>
      <Point>KENSI</Point>
      <Point>SUKOB</Point>
      <Point>MAGNA</Point>
      <Point>GOSEN</Point>
      <Point>KYOGA</Point>
      <Point>INAHO</Point>
      <Point>SHIUN</Point>
      <Point>HYOKO</Point>
      <Point>SIBAT</Point>
      <Point>RAISU</Point>
    </Label>
  </Map>
</Maps>