<?xml version="1.0" encoding="utf-8"?>
<Maps>
  <Map Type="System" Name="Airways_DCT_Fix" Priority="0" Center="+36.013056+137.993333">
    <Symbol Type="HollowTriangle">
        <Point>PANKE</Point>
        <Point>ENRIT</Point>
        <Point>ORISU</Point>
        <Point>ANIMO</Point>
        <Point>RAUSU</Point>
        <Point>TBE10DME</Point>
        <Point>OZORA</Point>
        <Point>DIFUK</Point>
        <Point>TCE30DME</Point>
        <Point>KANPO</Point>
        <Point>KAGRA</Point>
        <Point>RUMOI</Point>
        <Point>SPE8DME</Point>
        <Point>SUIKA</Point>
        <Point>IGAMO</Point>
        <Point>TAIKI</Point>
        <Point>RACKO</Point>
        <Point>HIROO</Point>
        <Point>ISLOG</Point>
        <Point>AREPO</Point>
        <Point>MKE15DME</Point>
        <Point>BISEI</Point>
        <Point>NODUK</Point>
        <Point>ZYT100DME</Point>
        <Point>GTC100DME</Point>
        <Point>TOBBY</Point>
        <Point>MKE5DME</Point>
        <Point>KURIS</Point>
        <Point>NAVER</Point>
        <Point>KOJYO</Point>
        <Point>KAMDO</Point>
        <Point>OHMAR</Point>
        <Point>JYONA</Point>
        <Point>OBCHI</Point>
        <Point>BONJI</Point>
        <Point>NOSSY</Point>
        <Point>HINAI</Point>
        <Point>WAPPA</Point>
        <Point>YSE10DME</Point>
        <Point>YSE15DME</Point>
        <Point>OHSHU</Point>
        <Point>TAKRA</Point>
        <Point>FKE13DME</Point>
        <Point>YONEX</Point>
        <Point>IBELU</Point>
        <Point>YTE50DME</Point>
        <Point>HATRI</Point>
        <Point>ELBOR</Point>
        <Point>USUBA</Point>
        <Point>AOBAR</Point>
        <Point>FKE9DME</Point>
        <Point>SYOWA</Point>
        <Point>HAILY</Point>
        <Point>HISUI</Point>
        <Point>GTC15DME</Point>
        <Point>MIKRA</Point>
        <Point>TATSU</Point>
        <Point>IXE40DME</Point>
        <Point>NAKAH</Point>
        <Point>OKUJI</Point>
        <Point>IXE46DME</Point>
        <Point>HAGAR</Point>
        <Point>NASNO</Point>
        <Point>FKE43DME</Point>
        <Point>STONE</Point>
        <Point>HATAR</Point>
        <Point>OSTIG</Point>
        <Point>YARII</Point>
        <Point>SONBU</Point>
        <Point>SAKYU</Point>
        <Point>OHANA</Point>
        <Point>GENGE</Point>
        <Point>URUSI</Point>
        <Point>TOE6DME</Point>
        <Point>MAPLE</Point>
        <Point>MAMLA</Point>
        <Point>SWING</Point>
        <Point>CHAUS</Point>
        <Point>TENRU</Point>
        <Point>MIDER</Point>
        <Point>OLSOP</Point>
        <Point>BOSPA</Point>
        <Point>NRE80DME</Point>
        <Point>NRE100DME</Point>
        <Point>KAGIS</Point>
        <Point>KAMOG</Point>
        <Point>OJT60DME</Point>
        <Point>OJT70DME</Point>
        <Point>MERED</Point>
        <Point>TSUGA</Point>
        <Point>BINKS</Point>
        <Point>ONASU</Point>
        <Point>TOHNE</Point>
        <Point>LEMUM</Point>
        <Point>KOGAR</Point>
        <Point>ASEKI</Point>
        <Point>KIDOR</Point>
        <Point>OMIYA</Point>
        <Point>KOSKA</Point>
        <Point>EDARR</Point>
        <Point>ADDUM</Point>
        <Point>OTAKI</Point>
        <Point>SCOTT</Point>
        <Point>WAVES</Point>
        <Point>KOUGA</Point>
        <Point>SAGRA</Point>
        <Point>ATAMI</Point>
        <Point>HATSU</Point>
        <Point>ZUSHI</Point>
        <Point>NAGRA</Point>
        <Point>GUTLO</Point>
        <Point>OLSEG</Point>
        <Point>DAIBU</Point>
        <Point>TEMAR</Point>
        <Point>RASYA</Point>
        <Point>DALMA</Point>
        <Point>SZE54DME</Point>
        <Point>SZE69DME</Point>
        <Point>VADAR</Point>
        <Point>TAISI</Point>
        <Point>ALPUS</Point>
        <Point>SHATI</Point>
        <Point>UENOH</Point>
        <Point>NARAH</Point>
        <Point>SIGAK</Point>
        <Point>BONTI</Point>
        <Point>TOSKO</Point>
        <Point>TRUGA</Point>
        <Point>HIOTI</Point>
        <Point>CARDS</Point>
        <Point>NATCH</Point>
        <Point>HISAI</Point>
        <Point>EGOGO</Point>
        <Point>CHESS</Point>
        <Point>CBE46DME</Point>
        <Point>MARIA</Point>
        <Point>MEIHO</Point>
        <Point>JOSIN</Point>
        <Point>KISYU</Point>
        <Point>ISIMA</Point>
        <Point>NORAN</Point>
        <Point>KISEI</Point>
        <Point>MAIDO</Point>
        <Point>OKINI</Point>
        <Point>IZUMI</Point>
        <Point>RUNEX</Point>
        <Point>LILPI</Point>
        <Point>AGPUK</Point>
        <Point>MIKAN</Point>
        <Point>IZARI</Point>
        <Point>KAIFU</Point>
        <Point>BECKY</Point>
        <Point>BERTH</Point>
        <Point>KULUL</Point>
        <Point>KTE7DME</Point>
        <Point>ALISA</Point>
        <Point>NIKAK</Point>
        <Point>TOSAR</Point>
        <Point>KYOKA</Point>
        <Point>ATMIK</Point>
        <Point>TSUNO</Point>
        <Point>YUBAR</Point>
        <Point>XZE25DME</Point>
        <Point>SAMBA</Point>
        <Point>BLUES</Point>
        <Point>TOZAN</Point>
        <Point>KIJYY</Point>
        <Point>SAEKI</Point>
        <Point>BENES</Point>
        <Point>SIMAG</Point>
        <Point>MIMMY</Point>
        <Point>INOOK</Point>
        <Point>TAKMA</Point>
        <Point>RYUOH</Point>
        <Point>SETOH</Point>
        <Point>SHION</Point>
        <Point>AKASI</Point>
        <Point>UTAZU</Point>
        <Point>WASYU</Point>
        <Point>PANCH</Point>
        <Point>JAKAL</Point>
        <Point>SUKMO</Point>
        <Point>KABIL</Point>
        <Point>BOTAN</Point>
        <Point>DONAR</Point>
        <Point>TONOH</Point>
        <Point>HIMEH</Point>
        <Point>KANDA</Point>
        <Point>NANYO</Point>
        <Point>KANBE</Point>
        <Point>CLOVE</Point>
        <Point>BINGO</Point>
        <Point>BAMBO</Point>
        <Point>KINOE</Point>
        <Point>ITUKI</Point>
        <Point>MISEN</Point>
        <Point>SUNFL</Point>
        <Point>MIYOS</Point>
        <Point>AKANA</Point>
        <Point>OPERA</Point>
        <Point>STAGE</Point>
        <Point>KABKI</Point>
        <Point>STORK</Point>
        <Point>BRAVE</Point>
        <Point>KARIN</Point>
        <Point>SIROK</Point>
        <Point>RYUGU</Point>
        <Point>UWAJI</Point>
        <Point>SATAH</Point>
        <Point>ASARI</Point>
        <Point>AGATA</Point>
        <Point>HASMA</Point>
        <Point>SALID</Point>
        <Point>OLVIN</Point>
        <Point>OHGIE</Point>
        <Point>TAKEO</Point>
        <Point>ATLER</Point>
        <Point>LAGER</Point>
        <Point>EBISU</Point>
        <Point>DONKO</Point>
        <Point>MARCO</Point>
        <Point>BAIEN</Point>
        <Point>TFE19DME</Point>
        <Point>YANAI</Point>
        <Point>ABUMI</Point>
        <Point>SIIBA</Point>
        <Point>KUE14DME</Point>
        <Point>ESKAP</Point>
        <Point>KROMA</Point>
        <Point>ENBEN</Point>
        <Point>FUGEN</Point>
        <Point>MISMI</Point>
        <Point>SAILS</Point>
        <Point>KOSHI</Point>
        <Point>ARAOH</Point>
        <Point>OMUTA</Point>
        <Point>KUE12DME</Point>
        <Point>ESLIL</Point>
        <Point>HIGOH</Point>
        <Point>IRUKA</Point>
        <Point>SGE8DME</Point>
        <Point>KAZSA</Point>
        <Point>SASIK</Point>
        <Point>OLE20DME</Point>
        <Point>HONDO</Point>
        <Point>TAIME</Point>
        <Point>UGAMU</Point>
        <Point>MILEP</Point>
        <Point>FENIX</Point>
        <Point>OSUZU</Point>
        <Point>DONKY</Point>
        <Point>OYODO</Point>
        <Point>KOBIK</Point>
        <Point>HIROS</Point>
        <Point>JACKY</Point>
        <Point>MZE20DME</Point>
        <Point>MZE40DME</Point>
        <Point>JINGU</Point>
        <Point>LALAG</Point>
        <Point>AMMON</Point>
        <Point>YKE20DME</Point>
        <Point>ONSKE</Point>
        <Point>TOLOT</Point>
        <Point>EKORU</Point>
        <Point>KINKO</Point>
        <Point>MAKRA</Point>
        <Point>TGE40DME</Point>
        <Point>CEDAR</Point>
        <Point>AKVAS</Point>
        <Point>MIKES</Point>
        <Point>APITO</Point>
        <Point>MELEN</Point>
        <Point>BOMAP</Point>
        <Point>POMAS</Point>
        <Point>AME30DME</Point>
        <Point>TAMAK</Point>
        <Point>AME20DME</Point>
        <Point>ANOXA</Point>
        <Point>TKE15DME</Point>
        <Point>HACHA</Point>
        <Point>PINNE</Point>
        <Point>KUNIG</Point>
        <Point>TKE10DME</Point>
        <Point>CHERY</Point>
        <Point>ASATO</Point>
        <Point>ADDAN</Point>
        <Point>OKUMA</Point>
        <Point>DUFFY</Point>
        <Point>KAKDA</Point>
        <Point>SOARA</Point>
        <Point>GANAS</Point>
        <Point>VIGER</Point>
        <Point>LAVON</Point>
        <Point>GURUX</Point>
        <Point>DORIS</Point>
        <Point>EISAR</Point>
        <Point>BIXAK</Point>
        <Point>RYUKI</Point>
        <Point>JIEFA</Point>
        <Point>OSIRO</Point>
        <Point>TEBEK</Point>
        <Point>ALBAX</Point>
        <Point>BETTY</Point>
        <Point>DIANA</Point>
        <Point>ANNIE</Point>
        <Point>TELMA</Point>
        <Point>KOHAM</Point>
        <Point>AYAKA</Point>
        <Point>BANNA</Point>
        <Point>NATAC</Point>
        <Point>BRENT</Point>
        <Point>IGE15DME</Point>
        <Point>IGE20DME</Point>
        <Point>SEDKU</Point>
        <Point>ABASA</Point>
        <Point>ISEKI</Point>
        <Point>TAKZO</Point>
        <Point>TUNTO</Point>
        <Point>NIMOX</Point>
        <Point>MAGMA</Point>
        <Point>GUMBO</Point>
    </Symbol>
    <Symbol Type="Hexagon">
    </Symbol>  
        <Point>WKE</Point>
        <Point>MVE</Point>
        <Point>AWE</Point>
        <Point>TBE</Point>
        <Point>TCE</Point>
        <Point>CHE</Point>
        <Point>NSE</Point>
        <Point>SPE</Point>
        <Point>OBE</Point>
        <Point>MKE</Point>
        <Point>TKT</Point>
        <Point>ZYT</Point>
        <Point>MIS</Point>
        <Point>GTC</Point>
        <Point>HWE</Point>
        <Point>MRE</Point>
        <Point>ODE</Point>
        <Point>MQE</Point>
        <Point>IXE</Point>
        <Point>UWE</Point>
        <Point>HPE</Point>
        <Point>YSE</Point>
        <Point>YTE</Point>
        <Point>SDE</Point>
        <Point>FKE</Point>
        <Point>MBE</Point>
        <Point>GOT</Point>
        <Point>CVT</Point>
        <Point>JDT</Point>
        <Point>KMC</Point>
        <Point>TRE</Point>
        <Point>JET</Point>
        <Point>NTE</Point>
        <Point>TOE</Point>
        <Point>CBE</Point>
        <Point>YME</Point>
        <Point>OJT</Point>
        <Point>TET</Point>
        <Point>SHT</Point>
        <Point>SYE</Point>
        <Point>XAC</Point>
        <Point>OSE</Point>
        <Point>HCE</Point>
        <Point>MOE</Point>
        <Point>YZT</Point>
        <Point>LHT</Point>
        <Point>SZE</Point>
        <Point>KCC</Point>
        <Point>GFT</Point>
        <Point>KEC</Point>
        <Point>TSC</Point>
        <Point>NKE</Point>
        <Point>ITE</Point>
        <Point>KJT</Point>
        <Point>KRE</Point>
        <Point>KTE</Point>
        <Point>OIE</Point>
        <Point>IWT</Point>
        <Point>YGE</Point>
        <Point>XZE</Point>
        <Point>OYE</Point>
        <Point>HGE</Point>
        <Point>TFE</Point>
        <Point>DGC</Point>
        <Point>UBE</Point>
        <Point>FMT</Point>
        <Point>MYE</Point>
        <Point>SUC</Point>
        <Point>MZE</Point>
        <Point>VCE</Point>
        <Point>IKE</Point>
        <Point>OLE</Point>
        <Point>FUE</Point>
        <Point>SGE</Point>
        <Point>JBT</Point>
        <Point>SWE</Point>
        <Point>KUE</Point>
        <Point>AKE</Point>
        <Point>HKC</Point>
        <Point>TGE</Point>
        <Point>KGE</Point>
        <Point>YKE</Point>
        <Point>JAT</Point>
        <Point>ALT</Point>
        <Point>AME</Point>
        <Point>TKE</Point>
        <Point>ONC</Point>
        <Point>YRE</Point>
        <Point>NHC</Point>
        <Point>KXC</Point>
        <Point>MJC</Point>
        <Point>SJE</Point>
        <Point>IGE</Point>
        <Point>YNE</Point>
    <Symbol Type="HollowSquare">
        <Point>WKE</Point>
        <Point>MVE</Point>
        <Point>AWE</Point>
        <Point>TBE</Point>
        <Point>TCE</Point>
        <Point>CHE</Point>
        <Point>NSE</Point>
        <Point>SPE</Point>
        <Point>OBE</Point>
        <Point>MKE</Point>
        <Point>TKT</Point>
        <Point>ZYT</Point>
        <Point>MIS</Point>
        <Point>GTC</Point>
        <Point>HWE</Point>
        <Point>MRE</Point>
        <Point>ODE</Point>
        <Point>MQE</Point>
        <Point>IXE</Point>
        <Point>UWE</Point>
        <Point>HPE</Point>
        <Point>YSE</Point>
        <Point>YTE</Point>
        <Point>SDE</Point>
        <Point>FKE</Point>
        <Point>MBE</Point>
        <Point>GOT</Point>
        <Point>CVT</Point>
        <Point>JDT</Point>
        <Point>KMC</Point>
        <Point>TRE</Point>
        <Point>JET</Point>
        <Point>NTE</Point>
        <Point>TOE</Point>
        <Point>CBE</Point>
        <Point>YME</Point>
        <Point>OJT</Point>
        <Point>TET</Point>
        <Point>SHT</Point>
        <Point>SYE</Point>
        <Point>XAC</Point>
        <Point>OSE</Point>
        <Point>HCE</Point>
        <Point>MOE</Point>
        <Point>YZT</Point>
        <Point>LHT</Point>
        <Point>SZE</Point>
        <Point>KCC</Point>
        <Point>GFT</Point>
        <Point>KEC</Point>
        <Point>TSC</Point>
        <Point>NKE</Point>
        <Point>ITE</Point>
        <Point>KJT</Point>
        <Point>KRE</Point>
        <Point>KTE</Point>
        <Point>OIE</Point>
        <Point>IWT</Point>
        <Point>YGE</Point>
        <Point>XZE</Point>
        <Point>OYE</Point>
        <Point>HGE</Point>
        <Point>TFE</Point>
        <Point>DGC</Point>
        <Point>UBE</Point>
        <Point>FMT</Point>
        <Point>MYE</Point>
        <Point>SUC</Point>
        <Point>MZE</Point>
        <Point>VCE</Point>
        <Point>IKE</Point>
        <Point>OLE</Point>
        <Point>FUE</Point>
        <Point>SGE</Point>
        <Point>JBT</Point>
        <Point>SWE</Point>
        <Point>KUE</Point>
        <Point>AKE</Point>
        <Point>HKC</Point>
        <Point>TGE</Point>
        <Point>KGE</Point>
        <Point>YKE</Point>
        <Point>JAT</Point>
        <Point>ALT</Point>
        <Point>AME</Point>
        <Point>TKE</Point>
        <Point>ONC</Point>
        <Point>YRE</Point>
        <Point>NHC</Point>
        <Point>KXC</Point>
        <Point>MJC</Point>
        <Point>SJE</Point>
        <Point>IGE</Point>
        <Point>YNE</Point>
    </Symbol>
  </Map>
  <Map Type="System" Name="Airways_DCT_Label" Priority="0" Center="+36.013056+137.993333">
    <Symbol Type="HollowTriangle">
        <Point>PANKE</Point>
        <Point>ENRIT</Point>
        <Point>ORISU</Point>
        <Point>ANIMO</Point>
        <Point>RAUSU</Point>
        <Point>TBE10DME</Point>
        <Point>OZORA</Point>
        <Point>DIFUK</Point>
        <Point>TCE30DME</Point>
        <Point>KANPO</Point>
        <Point>KAGRA</Point>
        <Point>RUMOI</Point>
        <Point>SPE8DME</Point>
        <Point>SUIKA</Point>
        <Point>IGAMO</Point>
        <Point>TAIKI</Point>
        <Point>RACKO</Point>
        <Point>HIROO</Point>
        <Point>ISLOG</Point>
        <Point>AREPO</Point>
        <Point>MKE15DME</Point>
        <Point>BISEI</Point>
        <Point>NODUK</Point>
        <Point>ZYT100DME</Point>
        <Point>GTC100DME</Point>
        <Point>TOBBY</Point>
        <Point>MKE5DME</Point>
        <Point>KURIS</Point>
        <Point>NAVER</Point>
        <Point>KOJYO</Point>
        <Point>KAMDO</Point>
        <Point>OHMAR</Point>
        <Point>JYONA</Point>
        <Point>OBCHI</Point>
        <Point>BONJI</Point>
        <Point>NOSSY</Point>
        <Point>HINAI</Point>
        <Point>WAPPA</Point>
        <Point>YSE10DME</Point>
        <Point>YSE15DME</Point>
        <Point>OHSHU</Point>
        <Point>TAKRA</Point>
        <Point>FKE13DME</Point>
        <Point>YONEX</Point>
        <Point>IBELU</Point>
        <Point>YTE50DME</Point>
        <Point>HATRI</Point>
        <Point>ELBOR</Point>
        <Point>USUBA</Point>
        <Point>AOBAR</Point>
        <Point>FKE9DME</Point>
        <Point>SYOWA</Point>
        <Point>HAILY</Point>
        <Point>HISUI</Point>
        <Point>GTC15DME</Point>
        <Point>MIKRA</Point>
        <Point>TATSU</Point>
        <Point>IXE40DME</Point>
        <Point>NAKAH</Point>
        <Point>OKUJI</Point>
        <Point>IXE46DME</Point>
        <Point>HAGAR</Point>
        <Point>NASNO</Point>
        <Point>FKE43DME</Point>
        <Point>STONE</Point>
        <Point>HATAR</Point>
        <Point>OSTIG</Point>
        <Point>YARII</Point>
        <Point>SONBU</Point>
        <Point>SAKYU</Point>
        <Point>OHANA</Point>
        <Point>GENGE</Point>
        <Point>URUSI</Point>
        <Point>TOE6DME</Point>
        <Point>MAPLE</Point>
        <Point>MAMLA</Point>
        <Point>SWING</Point>
        <Point>CHAUS</Point>
        <Point>TENRU</Point>
        <Point>MIDER</Point>
        <Point>OLSOP</Point>
        <Point>BOSPA</Point>
        <Point>NRE80DME</Point>
        <Point>NRE100DME</Point>
        <Point>KAGIS</Point>
        <Point>KAMOG</Point>
        <Point>OJT60DME</Point>
        <Point>OJT70DME</Point>
        <Point>MERED</Point>
        <Point>TSUGA</Point>
        <Point>BINKS</Point>
        <Point>ONASU</Point>
        <Point>TOHNE</Point>
        <Point>LEMUM</Point>
        <Point>KOGAR</Point>
        <Point>ASEKI</Point>
        <Point>KIDOR</Point>
        <Point>OMIYA</Point>
        <Point>KOSKA</Point>
        <Point>EDARR</Point>
        <Point>ADDUM</Point>
        <Point>OTAKI</Point>
        <Point>SCOTT</Point>
        <Point>WAVES</Point>
        <Point>KOUGA</Point>
        <Point>SAGRA</Point>
        <Point>ATAMI</Point>
        <Point>HATSU</Point>
        <Point>ZUSHI</Point>
        <Point>NAGRA</Point>
        <Point>GUTLO</Point>
        <Point>OLSEG</Point>
        <Point>DAIBU</Point>
        <Point>TEMAR</Point>
        <Point>RASYA</Point>
        <Point>DALMA</Point>
        <Point>SZE54DME</Point>
        <Point>SZE69DME</Point>
        <Point>VADAR</Point>
        <Point>TAISI</Point>
        <Point>ALPUS</Point>
        <Point>SHATI</Point>
        <Point>UENOH</Point>
        <Point>NARAH</Point>
        <Point>SIGAK</Point>
        <Point>BONTI</Point>
        <Point>TOSKO</Point>
        <Point>TRUGA</Point>
        <Point>HIOTI</Point>
        <Point>CARDS</Point>
        <Point>NATCH</Point>
        <Point>HISAI</Point>
        <Point>EGOGO</Point>
        <Point>CHESS</Point>
        <Point>CBE46DME</Point>
        <Point>MARIA</Point>
        <Point>MEIHO</Point>
        <Point>JOSIN</Point>
        <Point>KISYU</Point>
        <Point>ISIMA</Point>
        <Point>NORAN</Point>
        <Point>KISEI</Point>
        <Point>MAIDO</Point>
        <Point>OKINI</Point>
        <Point>IZUMI</Point>
        <Point>RUNEX</Point>
        <Point>LILPI</Point>
        <Point>AGPUK</Point>
        <Point>MIKAN</Point>
        <Point>IZARI</Point>
        <Point>KAIFU</Point>
        <Point>BECKY</Point>
        <Point>BERTH</Point>
        <Point>KULUL</Point>
        <Point>KTE7DME</Point>
        <Point>ALISA</Point>
        <Point>NIKAK</Point>
        <Point>TOSAR</Point>
        <Point>KYOKA</Point>
        <Point>ATMIK</Point>
        <Point>TSUNO</Point>
        <Point>YUBAR</Point>
        <Point>XZE25DME</Point>
        <Point>SAMBA</Point>
        <Point>BLUES</Point>
        <Point>TOZAN</Point>
        <Point>KIJYY</Point>
        <Point>SAEKI</Point>
        <Point>BENES</Point>
        <Point>SIMAG</Point>
        <Point>MIMMY</Point>
        <Point>INOOK</Point>
        <Point>TAKMA</Point>
        <Point>RYUOH</Point>
        <Point>SETOH</Point>
        <Point>SHION</Point>
        <Point>AKASI</Point>
        <Point>UTAZU</Point>
        <Point>WASYU</Point>
        <Point>PANCH</Point>
        <Point>JAKAL</Point>
        <Point>SUKMO</Point>
        <Point>KABIL</Point>
        <Point>BOTAN</Point>
        <Point>DONAR</Point>
        <Point>TONOH</Point>
        <Point>HIMEH</Point>
        <Point>KANDA</Point>
        <Point>NANYO</Point>
        <Point>KANBE</Point>
        <Point>CLOVE</Point>
        <Point>BINGO</Point>
        <Point>BAMBO</Point>
        <Point>KINOE</Point>
        <Point>ITUKI</Point>
        <Point>MISEN</Point>
        <Point>SUNFL</Point>
        <Point>MIYOS</Point>
        <Point>AKANA</Point>
        <Point>OPERA</Point>
        <Point>STAGE</Point>
        <Point>KABKI</Point>
        <Point>STORK</Point>
        <Point>BRAVE</Point>
        <Point>KARIN</Point>
        <Point>SIROK</Point>
        <Point>RYUGU</Point>
        <Point>UWAJI</Point>
        <Point>SATAH</Point>
        <Point>ASARI</Point>
        <Point>AGATA</Point>
        <Point>HASMA</Point>
        <Point>SALID</Point>
        <Point>OLVIN</Point>
        <Point>OHGIE</Point>
        <Point>TAKEO</Point>
        <Point>ATLER</Point>
        <Point>LAGER</Point>
        <Point>EBISU</Point>
        <Point>DONKO</Point>
        <Point>MARCO</Point>
        <Point>BAIEN</Point>
        <Point>TFE19DME</Point>
        <Point>YANAI</Point>
        <Point>ABUMI</Point>
        <Point>SIIBA</Point>
        <Point>KUE14DME</Point>
        <Point>ESKAP</Point>
        <Point>KROMA</Point>
        <Point>ENBEN</Point>
        <Point>FUGEN</Point>
        <Point>MISMI</Point>
        <Point>SAILS</Point>
        <Point>KOSHI</Point>
        <Point>ARAOH</Point>
        <Point>OMUTA</Point>
        <Point>KUE12DME</Point>
        <Point>ESLIL</Point>
        <Point>HIGOH</Point>
        <Point>IRUKA</Point>
        <Point>SGE8DME</Point>
        <Point>KAZSA</Point>
        <Point>SASIK</Point>
        <Point>OLE20DME</Point>
        <Point>HONDO</Point>
        <Point>TAIME</Point>
        <Point>UGAMU</Point>
        <Point>MILEP</Point>
        <Point>FENIX</Point>
        <Point>OSUZU</Point>
        <Point>DONKY</Point>
        <Point>OYODO</Point>
        <Point>KOBIK</Point>
        <Point>HIROS</Point>
        <Point>JACKY</Point>
        <Point>MZE20DME</Point>
        <Point>MZE40DME</Point>
        <Point>JINGU</Point>
        <Point>LALAG</Point>
        <Point>AMMON</Point>
        <Point>YKE20DME</Point>
        <Point>ONSKE</Point>
        <Point>TOLOT</Point>
        <Point>EKORU</Point>
        <Point>KINKO</Point>
        <Point>MAKRA</Point>
        <Point>TGE40DME</Point>
        <Point>CEDAR</Point>
        <Point>AKVAS</Point>
        <Point>MIKES</Point>
        <Point>APITO</Point>
        <Point>MELEN</Point>
        <Point>BOMAP</Point>
        <Point>POMAS</Point>
        <Point>AME30DME</Point>
        <Point>TAMAK</Point>
        <Point>AME20DME</Point>
        <Point>ANOXA</Point>
        <Point>TKE15DME</Point>
        <Point>HACHA</Point>
        <Point>PINNE</Point>
        <Point>KUNIG</Point>
        <Point>TKE10DME</Point>
        <Point>CHERY</Point>
        <Point>ASATO</Point>
        <Point>ADDAN</Point>
        <Point>OKUMA</Point>
        <Point>DUFFY</Point>
        <Point>KAKDA</Point>
        <Point>SOARA</Point>
        <Point>GANAS</Point>
        <Point>VIGER</Point>
        <Point>LAVON</Point>
        <Point>GURUX</Point>
        <Point>DORIS</Point>
        <Point>EISAR</Point>
        <Point>BIXAK</Point>
        <Point>RYUKI</Point>
        <Point>JIEFA</Point>
        <Point>OSIRO</Point>
        <Point>TEBEK</Point>
        <Point>ALBAX</Point>
        <Point>BETTY</Point>
        <Point>DIANA</Point>
        <Point>ANNIE</Point>
        <Point>TELMA</Point>
        <Point>KOHAM</Point>
        <Point>AYAKA</Point>
        <Point>BANNA</Point>
        <Point>NATAC</Point>
        <Point>BRENT</Point>
        <Point>IGE15DME</Point>
        <Point>IGE20DME</Point>
        <Point>SEDKU</Point>
        <Point>ABASA</Point>
        <Point>ISEKI</Point>
        <Point>TAKZO</Point>
        <Point>TUNTO</Point>
        <Point>NIMOX</Point>
        <Point>MAGMA</Point>
        <Point>GUMBO</Point>
    </Symbol>
    <Symbol Type="Hexagon">
    </Symbol>  
        <Point>WKE</Point>
        <Point>MVE</Point>
        <Point>AWE</Point>
        <Point>TBE</Point>
        <Point>TCE</Point>
        <Point>CHE</Point>
        <Point>NSE</Point>
        <Point>SPE</Point>
        <Point>OBE</Point>
        <Point>MKE</Point>
        <Point>TKT</Point>
        <Point>ZYT</Point>
        <Point>MIS</Point>
        <Point>GTC</Point>
        <Point>HWE</Point>
        <Point>MRE</Point>
        <Point>ODE</Point>
        <Point>MQE</Point>
        <Point>IXE</Point>
        <Point>UWE</Point>
        <Point>HPE</Point>
        <Point>YSE</Point>
        <Point>YTE</Point>
        <Point>SDE</Point>
        <Point>FKE</Point>
        <Point>MBE</Point>
        <Point>GOT</Point>
        <Point>CVT</Point>
        <Point>JDT</Point>
        <Point>KMC</Point>
        <Point>TRE</Point>
        <Point>JET</Point>
        <Point>NTE</Point>
        <Point>TOE</Point>
        <Point>CBE</Point>
        <Point>YME</Point>
        <Point>OJT</Point>
        <Point>TET</Point>
        <Point>SHT</Point>
        <Point>SYE</Point>
        <Point>XAC</Point>
        <Point>OSE</Point>
        <Point>HCE</Point>
        <Point>MOE</Point>
        <Point>YZT</Point>
        <Point>LHT</Point>
        <Point>SZE</Point>
        <Point>KCC</Point>
        <Point>GFT</Point>
        <Point>KEC</Point>
        <Point>TSC</Point>
        <Point>NKE</Point>
        <Point>ITE</Point>
        <Point>KJT</Point>
        <Point>KRE</Point>
        <Point>KTE</Point>
        <Point>OIE</Point>
        <Point>IWT</Point>
        <Point>YGE</Point>
        <Point>XZE</Point>
        <Point>OYE</Point>
        <Point>HGE</Point>
        <Point>TFE</Point>
        <Point>DGC</Point>
        <Point>UBE</Point>
        <Point>FMT</Point>
        <Point>MYE</Point>
        <Point>SUC</Point>
        <Point>MZE</Point>
        <Point>VCE</Point>
        <Point>IKE</Point>
        <Point>OLE</Point>
        <Point>FUE</Point>
        <Point>SGE</Point>
        <Point>JBT</Point>
        <Point>SWE</Point>
        <Point>KUE</Point>
        <Point>AKE</Point>
        <Point>HKC</Point>
        <Point>TGE</Point>
        <Point>KGE</Point>
        <Point>YKE</Point>
        <Point>JAT</Point>
        <Point>ALT</Point>
        <Point>AME</Point>
        <Point>TKE</Point>
        <Point>ONC</Point>
        <Point>YRE</Point>
        <Point>NHC</Point>
        <Point>KXC</Point>
        <Point>MJC</Point>
        <Point>SJE</Point>
        <Point>IGE</Point>
        <Point>YNE</Point>
    <Symbol Type="HollowSquare">
        <Point>WKE</Point>
        <Point>MVE</Point>
        <Point>AWE</Point>
        <Point>TBE</Point>
        <Point>TCE</Point>
        <Point>CHE</Point>
        <Point>NSE</Point>
        <Point>SPE</Point>
        <Point>OBE</Point>
        <Point>MKE</Point>
        <Point>TKT</Point>
        <Point>ZYT</Point>
        <Point>MIS</Point>
        <Point>GTC</Point>
        <Point>HWE</Point>
        <Point>MRE</Point>
        <Point>ODE</Point>
        <Point>MQE</Point>
        <Point>IXE</Point>
        <Point>UWE</Point>
        <Point>HPE</Point>
        <Point>YSE</Point>
        <Point>YTE</Point>
        <Point>SDE</Point>
        <Point>FKE</Point>
        <Point>MBE</Point>
        <Point>GOT</Point>
        <Point>CVT</Point>
        <Point>JDT</Point>
        <Point>KMC</Point>
        <Point>TRE</Point>
        <Point>JET</Point>
        <Point>NTE</Point>
        <Point>TOE</Point>
        <Point>CBE</Point>
        <Point>YME</Point>
        <Point>OJT</Point>
        <Point>TET</Point>
        <Point>SHT</Point>
        <Point>SYE</Point>
        <Point>XAC</Point>
        <Point>OSE</Point>
        <Point>HCE</Point>
        <Point>MOE</Point>
        <Point>YZT</Point>
        <Point>LHT</Point>
        <Point>SZE</Point>
        <Point>KCC</Point>
        <Point>GFT</Point>
        <Point>KEC</Point>
        <Point>TSC</Point>
        <Point>NKE</Point>
        <Point>ITE</Point>
        <Point>KJT</Point>
        <Point>KRE</Point>
        <Point>KTE</Point>
        <Point>OIE</Point>
        <Point>IWT</Point>
        <Point>YGE</Point>
        <Point>XZE</Point>
        <Point>OYE</Point>
        <Point>HGE</Point>
        <Point>TFE</Point>
        <Point>DGC</Point>
        <Point>UBE</Point>
        <Point>FMT</Point>
        <Point>MYE</Point>
        <Point>SUC</Point>
        <Point>MZE</Point>
        <Point>VCE</Point>
        <Point>IKE</Point>
        <Point>OLE</Point>
        <Point>FUE</Point>
        <Point>SGE</Point>
        <Point>JBT</Point>
        <Point>SWE</Point>
        <Point>KUE</Point>
        <Point>AKE</Point>
        <Point>HKC</Point>
        <Point>TGE</Point>
        <Point>KGE</Point>
        <Point>YKE</Point>
        <Point>JAT</Point>
        <Point>ALT</Point>
        <Point>AME</Point>
        <Point>TKE</Point>
        <Point>ONC</Point>
        <Point>YRE</Point>
        <Point>NHC</Point>
        <Point>KXC</Point>
        <Point>MJC</Point>
        <Point>SJE</Point>
        <Point>IGE</Point>
        <Point>YNE</Point>
    </Symbol>
    <Label>
        <Point>WKE</Point>
        <Point>MVE</Point>
        <Point>PANKE</Point>
        <Point>AWE</Point>
        <Point>ENRIT</Point>
        <Point>ORISU</Point>
        <Point>ANIMO</Point>
        <Point>TBE</Point>
        <Point>TCE</Point>
        <Point>CHE</Point>
        <Point>RAUSU</Point>
        <Point>TBE10DME</Point>
        <Point>NSE</Point>
        <Point>OZORA</Point>
        <Point>DIFUK</Point>
        <Point>TCE30DME</Point>
        <Point>KANPO</Point>
        <Point>KAGRA</Point>
        <Point>RUMOI</Point>
        <Point>SPE</Point>
        <Point>SPE8DME</Point>
        <Point>SUIKA</Point>
        <Point>IGAMO</Point>
        <Point>OBE</Point>
        <Point>TAIKI</Point>
        <Point>RACKO</Point>
        <Point>HIROO</Point>
        <Point>ISLOG</Point>
        <Point>AREPO</Point>
        <Point>MKE15DME</Point>
        <Point>MKE</Point>
        <Point>BISEI</Point>
        <Point>NODUK</Point>
        <Point>TKT</Point>
        <Point>ZYT</Point>
        <Point>MIS</Point>
        <Point>ZYT100DME</Point>
        <Point>GTC100DME</Point>
        <Point>GTC</Point>
        <Point>TOBBY</Point>
        <Point>HWE</Point>
        <Point>MKE5DME</Point>
        <Point>KURIS</Point>
        <Point>NAVER</Point>
        <Point>KOJYO</Point>
        <Point>KAMDO</Point>
        <Point>OHMAR</Point>
        <Point>JYONA</Point>
        <Point>MRE</Point>
        <Point>ODE</Point>
        <Point>OBCHI</Point>
        <Point>MQE</Point>
        <Point>IXE</Point>
        <Point>BONJI</Point>
        <Point>UWE</Point>
        <Point>NOSSY</Point>
        <Point>HINAI</Point>
        <Point>WAPPA</Point>
        <Point>HPE</Point>
        <Point>YSE10DME</Point>
        <Point>YSE</Point>
        <Point>YSE15DME</Point>
        <Point>OHSHU</Point>
        <Point>YTE</Point>
        <Point>TAKRA</Point>
        <Point>SDE</Point>
        <Point>FKE13DME</Point>
        <Point>FKE</Point>
        <Point>YONEX</Point>
        <Point>IBELU</Point>
        <Point>YTE50DME</Point>
        <Point>HATRI</Point>
        <Point>ELBOR</Point>
        <Point>USUBA</Point>
        <Point>AOBAR</Point>
        <Point>FKE9DME</Point>
        <Point>SYOWA</Point>
        <Point>HAILY</Point>
        <Point>MBE</Point>
        <Point>HISUI</Point>
        <Point>GTC15DME</Point>
        <Point>MIKRA</Point>
        <Point>GOT</Point>
        <Point>TATSU</Point>
        <Point>IXE40DME</Point>
        <Point>NAKAH</Point>
        <Point>OKUJI</Point>
        <Point>IXE46DME</Point>
        <Point>HAGAR</Point>
        <Point>NASNO</Point>
        <Point>FKE43DME</Point>
        <Point>STONE</Point>
        <Point>CVT</Point>
        <Point>JDT</Point>
        <Point>HATAR</Point>
        <Point>OSTIG</Point>
        <Point>KMC</Point>
        <Point>YARII</Point>
        <Point>TRE</Point>
        <Point>SONBU</Point>
        <Point>SAKYU</Point>
        <Point>JET</Point>
        <Point>NTE</Point>
        <Point>OHANA</Point>
        <Point>GENGE</Point>
        <Point>URUSI</Point>
        <Point>TOE6DME</Point>
        <Point>TOE</Point>
        <Point>MAPLE</Point>
        <Point>MAMLA</Point>
        <Point>SWING</Point>
        <Point>CBE</Point>
        <Point>CHAUS</Point>
        <Point>TENRU</Point>
        <Point>YME</Point>
        <Point>MIDER</Point>
        <Point>OLSOP</Point>
        <Point>BOSPA</Point>
        <Point>NRE80DME</Point>
        <Point>NRE100DME</Point>
        <Point>KAGIS</Point>
        <Point>OJT</Point>
        <Point>KAMOG</Point>
        <Point>OJT60DME</Point>
        <Point>OJT70DME</Point>
        <Point>MERED</Point>
        <Point>TET</Point>
        <Point>TSUGA</Point>
        <Point>BINKS</Point>
        <Point>ONASU</Point>
        <Point>SHT</Point>
        <Point>TOHNE</Point>
        <Point>LEMUM</Point>
        <Point>KOGAR</Point>
        <Point>ASEKI</Point>
        <Point>KIDOR</Point>
        <Point>SYE</Point>
        <Point>OMIYA</Point>
        <Point>XAC</Point>
        <Point>KOSKA</Point>
        <Point>EDARR</Point>
        <Point>ADDUM</Point>
        <Point>OTAKI</Point>
        <Point>SCOTT</Point>
        <Point>WAVES</Point>
        <Point>KOUGA</Point>
        <Point>SAGRA</Point>
        <Point>OSE</Point>
        <Point>ATAMI</Point>
        <Point>HATSU</Point>
        <Point>ZUSHI</Point>
        <Point>NAGRA</Point>
        <Point>GUTLO</Point>
        <Point>OLSEG</Point>
        <Point>DAIBU</Point>
        <Point>HCE</Point>
        <Point>TEMAR</Point>
        <Point>MOE</Point>
        <Point>RASYA</Point>
        <Point>YZT</Point>
        <Point>DALMA</Point>
        <Point>LHT</Point>
        <Point>SZE</Point>
        <Point>SZE54DME</Point>
        <Point>SZE69DME</Point>
        <Point>VADAR</Point>
        <Point>TAISI</Point>
        <Point>KCC</Point>
        <Point>ALPUS</Point>
        <Point>SHATI</Point>
        <Point>UENOH</Point>
        <Point>NARAH</Point>
        <Point>SIGAK</Point>
        <Point>GFT</Point>
        <Point>BONTI</Point>
        <Point>TOSKO</Point>
        <Point>TRUGA</Point>
        <Point>HIOTI</Point>
        <Point>CARDS</Point>
        <Point>NATCH</Point>
        <Point>HISAI</Point>
        <Point>EGOGO</Point>
        <Point>CHESS</Point>
        <Point>CBE46DME</Point>
        <Point>MARIA</Point>
        <Point>MEIHO</Point>
        <Point>KEC</Point>
        <Point>JOSIN</Point>
        <Point>KISYU</Point>
        <Point>ISIMA</Point>
        <Point>TSC</Point>
        <Point>NKE</Point>
        <Point>NORAN</Point>
        <Point>KISEI</Point>
        <Point>ITE</Point>
        <Point>MAIDO</Point>
        <Point>OKINI</Point>
        <Point>IZUMI</Point>
        <Point>RUNEX</Point>
        <Point>LILPI</Point>
        <Point>AGPUK</Point>
        <Point>MIKAN</Point>
        <Point>IZARI</Point>
        <Point>KAIFU</Point>
        <Point>KJT</Point>
        <Point>BECKY</Point>
        <Point>KRE</Point>
        <Point>BERTH</Point>
        <Point>KULUL</Point>
        <Point>KTE7DME</Point>
        <Point>KTE</Point>
        <Point>ALISA</Point>
        <Point>NIKAK</Point>
        <Point>TOSAR</Point>
        <Point>OIE</Point>
        <Point>KYOKA</Point>
        <Point>IWT</Point>
        <Point>YGE</Point>
        <Point>ATMIK</Point>
        <Point>TSUNO</Point>
        <Point>YUBAR</Point>
        <Point>XZE</Point>
        <Point>XZE25DME</Point>
        <Point>SAMBA</Point>
        <Point>BLUES</Point>
        <Point>TOZAN</Point>
        <Point>KIJYY</Point>
        <Point>SAEKI</Point>
        <Point>OYE</Point>
        <Point>BENES</Point>
        <Point>SIMAG</Point>
        <Point>MIMMY</Point>
        <Point>INOOK</Point>
        <Point>TAKMA</Point>
        <Point>RYUOH</Point>
        <Point>SETOH</Point>
        <Point>SHION</Point>
        <Point>AKASI</Point>
        <Point>UTAZU</Point>
        <Point>WASYU</Point>
        <Point>PANCH</Point>
        <Point>JAKAL</Point>
        <Point>SUKMO</Point>
        <Point>KABIL</Point>
        <Point>BOTAN</Point>
        <Point>DONAR</Point>
        <Point>HGE</Point>
        <Point>TFE</Point>
        <Point>TONOH</Point>
        <Point>HIMEH</Point>
        <Point>KANDA</Point>
        <Point>DGC</Point>
        <Point>UBE</Point>
        <Point>NANYO</Point>
        <Point>FMT</Point>
        <Point>KANBE</Point>
        <Point>CLOVE</Point>
        <Point>BINGO</Point>
        <Point>BAMBO</Point>
        <Point>KINOE</Point>
        <Point>ITUKI</Point>
        <Point>MISEN</Point>
        <Point>SUNFL</Point>
        <Point>MIYOS</Point>
        <Point>AKANA</Point>
        <Point>OPERA</Point>
        <Point>STAGE</Point>
        <Point>KABKI</Point>
        <Point>MYE</Point>
        <Point>SUC</Point>
        <Point>STORK</Point>
        <Point>BRAVE</Point>
        <Point>KARIN</Point>
        <Point>SIROK</Point>
        <Point>RYUGU</Point>
        <Point>MZE</Point>
        <Point>UWAJI</Point>
        <Point>SATAH</Point>
        <Point>ASARI</Point>
        <Point>VCE</Point>
        <Point>AGATA</Point>
        <Point>HASMA</Point>
        <Point>IKE</Point>
        <Point>SALID</Point>
        <Point>OLE</Point>
        <Point>OLVIN</Point>
        <Point>FUE</Point>
        <Point>SGE</Point>
        <Point>OHGIE</Point>
        <Point>TAKEO</Point>
        <Point>JBT</Point>
        <Point>ATLER</Point>
        <Point>LAGER</Point>
        <Point>SWE</Point>
        <Point>EBISU</Point>
        <Point>DONKO</Point>
        <Point>MARCO</Point>
        <Point>BAIEN</Point>
        <Point>TFE19DME</Point>
        <Point>YANAI</Point>
        <Point>ABUMI</Point>
        <Point>SIIBA</Point>
        <Point>KUE</Point>
        <Point>KUE14DME</Point>
        <Point>ESKAP</Point>
        <Point>KROMA</Point>
        <Point>ENBEN</Point>
        <Point>FUGEN</Point>
        <Point>MISMI</Point>
        <Point>SAILS</Point>
        <Point>KOSHI</Point>
        <Point>ARAOH</Point>
        <Point>OMUTA</Point>
        <Point>KUE12DME</Point>
        <Point>ESLIL</Point>
        <Point>HIGOH</Point>
        <Point>AKE</Point>
        <Point>IRUKA</Point>
        <Point>SGE8DME</Point>
        <Point>KAZSA</Point>
        <Point>SASIK</Point>
        <Point>OLE20DME</Point>
        <Point>HONDO</Point>
        <Point>HKC</Point>
        <Point>TAIME</Point>
        <Point>UGAMU</Point>
        <Point>MILEP</Point>
        <Point>FENIX</Point>
        <Point>OSUZU</Point>
        <Point>DONKY</Point>
        <Point>OYODO</Point>
        <Point>KOBIK</Point>
        <Point>HIROS</Point>
        <Point>JACKY</Point>
        <Point>MZE20DME</Point>
        <Point>MZE40DME</Point>
        <Point>TGE</Point>
        <Point>JINGU</Point>
        <Point>LALAG</Point>
        <Point>KGE</Point>
        <Point>AMMON</Point>
        <Point>YKE20DME</Point>
        <Point>ONSKE</Point>
        <Point>TOLOT</Point>
        <Point>YKE</Point>
        <Point>JAT</Point>
        <Point>EKORU</Point>
        <Point>KINKO</Point>
        <Point>MAKRA</Point>
        <Point>TGE40DME</Point>
        <Point>CEDAR</Point>
        <Point>AKVAS</Point>
        <Point>MIKES</Point>
        <Point>APITO</Point>
        <Point>MELEN</Point>
        <Point>ALT</Point>
        <Point>BOMAP</Point>
        <Point>AME</Point>
        <Point>POMAS</Point>
        <Point>AME30DME</Point>
        <Point>TAMAK</Point>
        <Point>TKE</Point>
        <Point>AME20DME</Point>
        <Point>ANOXA</Point>
        <Point>TKE15DME</Point>
        <Point>HACHA</Point>
        <Point>PINNE</Point>
        <Point>ONC</Point>
        <Point>KUNIG</Point>
        <Point>TKE10DME</Point>
        <Point>CHERY</Point>
        <Point>ASATO</Point>
        <Point>YRE</Point>
        <Point>ADDAN</Point>
        <Point>NHC</Point>
        <Point>OKUMA</Point>
        <Point>KXC</Point>
        <Point>DUFFY</Point>
        <Point>KAKDA</Point>
        <Point>SOARA</Point>
        <Point>GANAS</Point>
        <Point>VIGER</Point>
        <Point>LAVON</Point>
        <Point>GURUX</Point>
        <Point>DORIS</Point>
        <Point>EISAR</Point>
        <Point>BIXAK</Point>
        <Point>RYUKI</Point>
        <Point>MJC</Point>
        <Point>JIEFA</Point>
        <Point>OSIRO</Point>
        <Point>TEBEK</Point>
        <Point>ALBAX</Point>
        <Point>SJE</Point>
        <Point>BETTY</Point>
        <Point>DIANA</Point>
        <Point>ANNIE</Point>
        <Point>IGE</Point>
        <Point>TELMA</Point>
        <Point>KOHAM</Point>
        <Point>AYAKA</Point>
        <Point>BANNA</Point>
        <Point>NATAC</Point>
        <Point>BRENT</Point>
        <Point>IGE15DME</Point>
        <Point>IGE20DME</Point>
        <Point>SEDKU</Point>
        <Point>YNE</Point>
        <Point>ABASA</Point>
        <Point>ISEKI</Point>
        <Point>TAKZO</Point>
        <Point>TUNTO</Point>
        <Point>NIMOX</Point>
        <Point>MAGMA</Point>
        <Point>GUMBO</Point>
    </Label>
  </Map>
</Maps>