﻿<?xml version="1.0" encoding="utf-8"?>
<Maps>
  <Map Type="System" Name="Airways_V" Priority="0" Center="+36.013056+137.993333">
    <Line Pattern="Solid" Name="A1-8000">
      <Point>+332651.88+1354740.19/
+332152.2+1352629.44</Point>
    </Line>
    <Line Pattern="Solid" Name="A1-8000">
      <Point>+332152.2+1352629.44/
+331455.56+1345950.0</Point>
    </Line>
    <Line Pattern="Solid" Name="A1-8000">
      <Point>+331455.56+1345950.0/
+330343.3+1341403.38</Point>
    </Line>
    <Line Pattern="Solid" Name="A1-8000">
      <Point>+330343.3+1341403.38/
+325355.23+1333359.41</Point>
    </Line>
    <Line Pattern="Solid" Name="A1-8000">
      <Point>+325355.23+1333359.41/
+324521.49+1325947.91</Point>
    </Line>
    <Line Pattern="Solid" Name="A1-9000">
      <Point>+324521.49+1325947.91/
+320830.42+1313529.31</Point>
    </Line>
    <Line Pattern="Solid" Name="A1-9000">
      <Point>+320830.42+1313529.31/
+315409.81+1310255.19</Point>
    </Line>
    <Line Pattern="Solid" Name="A1-9000">
      <Point>+315409.81+1310255.19/
+314150.0+1303458.59</Point>
    </Line>
    <Line Pattern="Solid" Name="A1-8000">
      <Point>+314150.0+1303458.59/
+312306.13+1300640.56</Point>
    </Line>
    <Line Pattern="Solid" Name="A1-8000">
      <Point>+312306.13+1300640.56/
+311718.61+1295752.94</Point>
    </Line>
    <Line Pattern="Solid" Name="A1-FL150">
      <Point>+311718.61+1295752.94/
+304628.72+1291204.16</Point>
    </Line>
    <Line Pattern="Solid" Name="A1-FL180">
      <Point>+304628.72+1291204.16/
+295154.1+1275013.72</Point>
    </Line>
    <Line Pattern="Solid" Name="A1-FL60">
      <Point>+295154.1+1275013.72/
+293513.2+1272752.88</Point>
    </Line>
    <Line Pattern="Solid" Name="A1-FL60">
      <Point>+293513.2+1272752.88/
+285812.23+1263445.47</Point>
    </Line>
    <Line Pattern="Solid" Name="A1-FL60">
      <Point>+285812.23+1263445.47/
+283813.49+1260753.34</Point>
    </Line>
    <Line Pattern="Solid" Name="A1-FL60">
      <Point>+283813.49+1260753.34/
+273719.66+1244313.88</Point>
    </Line>
    <Line Pattern="Solid" Name="A1-FL60">
      <Point>+273719.66+1244313.88/
+270530.0+1240000.0</Point>
    </Line>
    <Line Pattern="Solid" Name="A204-8000">
      <Point>+454507.47+1405416.06/
+452757.55+1410350.5</Point>
    </Line>
    <Line Pattern="Solid" Name="A204-8000">
      <Point>+452757.55+1410350.5/
+451444.39+1411112.38</Point>
    </Line>
    <Line Pattern="Solid" Name="A204-8000">
      <Point>+451444.39+1411112.38/
+450542.75+1413406.09</Point>
    </Line>
    <Line Pattern="Solid" Name="A204-8000">
      <Point>+450542.75+1413406.09/
+450031.11+1414708.09</Point>
    </Line>
    <Line Pattern="Solid" Name="A337-FL60">
      <Point>+334858.14+1422051.72/
+300014.16+1430954.13</Point>
    </Line>
    <Line Pattern="Solid" Name="A337-FL60">
      <Point>+300014.16+1430954.13/
+250016.0+1442024.31</Point>
    </Line>
    <Line Pattern="Solid" Name="A337-FL60">
      <Point>+250016.0+1442024.31/
+210000.0+1451148.0</Point>
    </Line>
    <Line Pattern="Solid" Name="A339-FL60">
      <Point>+331014.59+1385726.97/
+323648.77+1383843.13</Point>
    </Line>
    <Line Pattern="Solid" Name="A339-FL60">
      <Point>+323648.77+1383843.13/
+305746.93+1374448.19</Point>
    </Line>
    <Line Pattern="Solid" Name="A339-FL60">
      <Point>+305746.93+1374448.19/
+300013.67+1371419.78</Point>
    </Line>
    <Line Pattern="Solid" Name="A339-FL60">
      <Point>+300013.67+1371419.78/
+271614.58+1355102.5</Point>
    </Line>
    <Line Pattern="Solid" Name="A339-FL60">
      <Point>+271614.58+1355102.5/
+252951.17+1345920.84</Point>
    </Line>
    <Line Pattern="Solid" Name="A339-FL60">
      <Point>+252951.17+1345920.84/
+210000.0+1345648.0</Point>
    </Line>
    <Line Pattern="Solid" Name="A582-7000">
      <Point>+344323.2+1291359.84/
+335830.34+1293904.59</Point>
    </Line>
    <Line Pattern="Solid" Name="A582-7000">
      <Point>+335830.34+1293904.59/
+334451.05+1294636.69</Point>
    </Line>
    <Line Pattern="Solid" Name="A582-9000">
      <Point>+334451.05+1294636.69/
+331326.85+1295910.44</Point>
    </Line>
    <Line Pattern="Solid" Name="A582-9000">
      <Point>+331326.85+1295910.44/
+323510.19+1301410.78</Point>
    </Line>
    <Line Pattern="Solid" Name="A582-9000">
      <Point>+323510.19+1301410.78/
+320706.86+1302513.09</Point>
    </Line>
    <Line Pattern="Solid" Name="A582-9000">
      <Point>+320706.86+1302513.09/
+314150.0+1303458.59</Point>
    </Line>
    <Line Pattern="Solid" Name="A582-6000">
      <Point>+314150.0+1303458.59/
+313547.39+1303213.88</Point>
    </Line>
    <Line Pattern="Solid" Name="A582-6000">
      <Point>+313547.39+1303213.88/
+311621.67+1302341.91</Point>
    </Line>
    <Line Pattern="Solid" Name="A582-6000">
      <Point>+311621.67+1302341.91/
+310430.76+1301807.81</Point>
    </Line>
    <Line Pattern="Solid" Name="A582-6000">
      <Point>+310430.76+1301807.81/
+303437.21+1300414.13</Point>
    </Line>
    <Line Pattern="Solid" Name="A582-6000">
      <Point>+303437.21+1300414.13/
+302722.79+1300058.44</Point>
    </Line>
    <Line Pattern="Solid" Name="A582-12000">
      <Point>+302722.79+1300058.44/
+302036.5+1295755.69</Point>
    </Line>
    <Line Pattern="Solid" Name="A582-12000">
      <Point>+302036.5+1295755.69/
+300013.16+1294928.06</Point>
    </Line>
    <Line Pattern="Solid" Name="A582-FL160">
      <Point>+300013.16+1294928.06/
+292018.21+1293109.38</Point>
    </Line>
    <Line Pattern="Solid" Name="A582-FL160">
      <Point>+292018.21+1293109.38/
+285919.53+1292237.31</Point>
    </Line>
    <Line Pattern="Solid" Name="A582-12000">
      <Point>+285919.53+1292237.31/
+282654.72+1290826.41</Point>
    </Line>
    <Line Pattern="Solid" Name="A582-12000">
      <Point>+282654.72+1290826.41/
+280923.84+1290051.47</Point>
    </Line>
    <Line Pattern="Solid" Name="A582-12000">
      <Point>+280923.84+1290051.47/
+275407.56+1285352.94</Point>
    </Line>
    <Line Pattern="Solid" Name="A582-12000">
      <Point>+275407.56+1285352.94/
+272558.38+1284156.25</Point>
    </Line>
    <Line Pattern="Solid" Name="A582-5000">
      <Point>+272558.38+1284156.25/
+270010.11+1281928.41</Point>
    </Line>
    <Line Pattern="Solid" Name="A582-5000">
      <Point>+270010.11+1281928.41/
+264016.98+1280219.16</Point>
    </Line>
    <Line Pattern="Solid" Name="A582-5000">
      <Point>+264016.98+1280219.16/
+261230.71+1273834.31</Point>
    </Line>
    <Line Pattern="Solid" Name="A582-FL150">
      <Point>+261230.71+1273834.31/
+252610.2+1271722.41</Point>
    </Line>
    <Line Pattern="Solid" Name="A582-FL150">
      <Point>+252610.2+1271722.41/
+245820.69+1270446.63</Point>
    </Line>
    <Line Pattern="Solid" Name="A582-FL210">
      <Point>+245820.69+1270446.63/
+240715.23+1264153.44</Point>
    </Line>
    <Line Pattern="Solid" Name="A582-FL60">
      <Point>+240715.23+1264153.44/
+225440.38+1260825.63</Point>
    </Line>
    <Line Pattern="Solid" Name="A582-FL60">
      <Point>+225440.38+1260825.63/
+210000.0+1251600.0</Point>
    </Line>
    <Line Pattern="Solid" Name="A586-FL70">
      <Point>+323011.98+1265752.78/
+321648.08+1270222.78</Point>
    </Line>
    <Line Pattern="Solid" Name="A586-FL70">
      <Point>+321648.08+1270222.78/
+320220.94+1270714.19</Point>
    </Line>
    <Line Pattern="Solid" Name="A586-FL70">
      <Point>+320220.94+1270714.19/
+311512.51+1272252.78</Point>
    </Line>
    <Line Pattern="Solid" Name="A586-FL70">
      <Point>+311512.51+1272252.78/
+301557.15+1274224.97</Point>
    </Line>
    <Line Pattern="Solid" Name="A586-FL70">
      <Point>+301557.15+1274224.97/
+295154.1+1275013.72</Point>
    </Line>
    <Line Pattern="Solid" Name="A586-FL60">
      <Point>+295154.1+1275013.72/
+293134.1+1275757.28</Point>
    </Line>
    <Line Pattern="Solid" Name="A586-FL60">
      <Point>+293134.1+1275757.28/
+290124.45+1280918.66</Point>
    </Line>
    <Line Pattern="Solid" Name="A586-9000">
      <Point>+290124.45+1280918.66/
+281153.91+1282622.09</Point>
    </Line>
    <Line Pattern="Solid" Name="A586-9000">
      <Point>+281153.91+1282622.09/
+274541.77+1283516.78</Point>
    </Line>
    <Line Pattern="Solid" Name="A586-4000">
      <Point>+274541.77+1283516.78/
+272558.38+1284156.25</Point>
    </Line>
    <Line Pattern="Solid" Name="A590-FL180">
      <Point>+481644.39+1604052.75/
+445127.77+1542500.0</Point>
    </Line>
    <Line Pattern="Solid" Name="A590-FL180">
      <Point>+445127.77+1542500.0/
+410504.52+1485632.63</Point>
    </Line>
    <Line Pattern="Solid" Name="A590-FL180">
      <Point>+410504.52+1485632.63/
+381956.58+1453107.25</Point>
    </Line>
    <Line Pattern="Solid" Name="A590-FL180">
      <Point>+381956.58+1453107.25/
+370206.88+1441527.47</Point>
    </Line>
    <Line Pattern="Solid" Name="A590-FL180">
      <Point>+370206.88+1441527.47/
+355547.04+1431341.44</Point>
    </Line>
    <Line Pattern="Solid" Name="A590-FL60">
      <Point>+355547.04+1431341.44/
+354912.89+1423348.5</Point>
    </Line>
    <Line Pattern="Solid" Name="A590-FL290">
      <Point>+354912.89+1423348.5/
+345253.45+1405514.19</Point>
    </Line>
    <Line Pattern="Solid" Name="A590-FL200">
      <Point>+345253.45+1405514.19/
+340415.75+1393340.66</Point>
    </Line>
    <Line Pattern="Solid" Name="A590-FL220">
      <Point>+340415.75+1393340.66/
+331014.59+1385726.97</Point>
    </Line>
    <Line Pattern="Solid" Name="A590-FL60">
      <Point>+331014.59+1385726.97/
+325701.7+1383928.31</Point>
    </Line>
    <Line Pattern="Solid" Name="A590-FL60">
      <Point>+325701.7+1383928.31/
+312555.07+1363913.81</Point>
    </Line>
    <Line Pattern="Solid" Name="A590-FL60">
      <Point>+312555.07+1363913.81/
+300731.48+1352032.34</Point>
    </Line>
    <Line Pattern="Solid" Name="A590-FL60">
      <Point>+300731.48+1352032.34/
+283501.96+1334850.94</Point>
    </Line>
    <Line Pattern="Solid" Name="A590-FL60">
      <Point>+283501.96+1334850.94/
+275250.18+1330815.22</Point>
    </Line>
    <Line Pattern="Solid" Name="A590-FL200">
      <Point>+275250.18+1330815.22/
+255116.14+1311549.66</Point>
    </Line>
    <Line Pattern="Solid" Name="A590-FL200">
      <Point>+255116.14+1311549.66/
+242120.31+1300715.38</Point>
    </Line>
    <Line Pattern="Solid" Name="A590-FL60">
      <Point>+242120.31+1300715.38/
+230015.73+1290452.78</Point>
    </Line>
    <Line Pattern="Solid" Name="A590-FL60">
      <Point>+230015.73+1290452.78/
+210000.0+1272500.0</Point>
    </Line>
    <Line Pattern="Solid" Name="A593-FL210">
      <Point>+324006.98+1284936.25/
+322744.7+1275128.78</Point>
    </Line>
    <Line Pattern="Solid" Name="A593-FL240">
      <Point>+322744.7+1275128.78/
+322406.9+1273451.59</Point>
    </Line>
    <Line Pattern="Solid" Name="A593-FL240">
      <Point>+322406.9+1273451.59/
+321648.08+1270222.78</Point>
    </Line>
    <Line Pattern="Solid" Name="A593-FL240">
      <Point>+321648.08+1270222.78/
+321142.09+1263916.94</Point>
    </Line>
    <Line Pattern="Solid" Name="A595-4000">
      <Point>+334034.35+1302322.69/
+334451.05+1294636.69</Point>
    </Line>
    <Line Pattern="Solid" Name="A595-11000">
      <Point>+334451.05+1294636.69/
+334138.63+1291652.44</Point>
    </Line>
    <Line Pattern="Solid" Name="A595-FL210">
      <Point>+334138.63+1291652.44/
+333502.6+1281857.25</Point>
    </Line>
    <Line Pattern="Solid" Name="A597-6000">
      <Point>+332651.88+1354740.19/
+331454.7+1355252.75</Point>
    </Line>
    <Line Pattern="Solid" Name="A597-6000">
      <Point>+331454.7+1355252.75/
+324226.74+1360654.13</Point>
    </Line>
    <Line Pattern="Solid" Name="A597-FL60">
      <Point>+324226.74+1360654.13/
+322017.3+1361621.91</Point>
    </Line>
    <Line Pattern="Solid" Name="A597-FL60">
      <Point>+322017.3+1361621.91/
+312555.07+1363913.81</Point>
    </Line>
    <Line Pattern="Solid" Name="A597-FL60">
      <Point>+312555.07+1363913.81/
+300013.67+1371419.78</Point>
    </Line>
    <Line Pattern="Solid" Name="A597-FL60">
      <Point>+300013.67+1371419.78/
+250015.63+1390931.72</Point>
    </Line>
    <Line Pattern="Solid" Name="A597-FL60">
      <Point>+250015.63+1390931.72/
+210000.0+1403600.03</Point>
    </Line>
    <Line Pattern="Solid" Name="B223-8000">
      <Point>+454500.0+1415018.0/
+452426.5+1414820.34</Point>
    </Line>
    <Line Pattern="Solid" Name="B332-FL260">
      <Point>+371845.34+1324410.41/
+352502.06+1325332.56</Point>
    </Line>
    <Line Pattern="Solid" Name="B337-FL180">
      <Point>+451155.92+1434045.28/
+434002.14+1422724.66</Point>
    </Line>
    <Line Pattern="Solid" Name="B451-FL60">
      <Point>+413900.0+1364700.03/
+400009.63+1372630.44</Point>
    </Line>
    <Line Pattern="Solid" Name="B451-FL60">
      <Point>+400009.63+1372630.44/
+391409.98+1374448.47</Point>
    </Line>
    <Line Pattern="Solid" Name="B452-FL60">
      <Point>+320013.7+1455947.06/
+300014.51+1465105.13</Point>
    </Line>
    <Line Pattern="Solid" Name="B452-FL60">
      <Point>+300014.51+1465105.13/
+250016.37+1485029.19</Point>
    </Line>
    <Line Pattern="Solid" Name="B452-FL60">
      <Point>+250016.37+1485029.19/
+210000.0+1501900.0</Point>
    </Line>
    <Line Pattern="Solid" Name="B462-10000">
      <Point>+244638.61+1251736.28/
+232105.84+1241317.78</Point>
    </Line>
    <Line Pattern="Solid" Name="B462-FL150">
      <Point>+232105.84+1241317.78/
+230015.53+1235754.31</Point>
    </Line>
    <Line Pattern="Solid" Name="B462-FL60">
      <Point>+230015.53+1235754.31/
+224751.19+1234900.53</Point>
    </Line>
    <Line Pattern="Solid" Name="B462-FL60">
      <Point>+224751.19+1234900.53/
+210000.0+1223300.0</Point>
    </Line>
    <Line Pattern="Solid" Name="B576-FL60">
      <Point>+300012.9+1251153.56/
+284622.0+1244212.0</Point>
    </Line>
    <Line Pattern="Solid" Name="B576-FL60">
      <Point>+284622.0+1244212.0/
+281854.0+1240000.0</Point>
    </Line>
    <Line Pattern="Solid" Name="B586-5000">
      <Point>+344244.11+1392450.47/
+341151.15+1392947.91</Point>
    </Line>
    <Line Pattern="Solid" Name="B586-10000">
      <Point>+341151.15+1392947.91/
+324612.8+1394313.94</Point>
    </Line>
    <Line Pattern="Solid" Name="B586-FL60">
      <Point>+324612.8+1394313.94/
+310000.18+1395913.47</Point>
    </Line>
    <Line Pattern="Solid" Name="B586-FL60">
      <Point>+310000.18+1395913.47/
+300003.09+1402046.22</Point>
    </Line>
    <Line Pattern="Solid" Name="B586-FL60">
      <Point>+300003.09+1402046.22/
+281858.56+1411949.06</Point>
    </Line>
    <Line Pattern="Solid" Name="B586-FL60">
      <Point>+281858.56+1411949.06/
+250015.82+1420212.94</Point>
    </Line>
    <Line Pattern="Solid" Name="B586-FL60">
      <Point>+250015.82+1420212.94/
+210000.0+1425924.03</Point>
    </Line>
    <Line Pattern="Solid" Name="B597-4000">
      <Point>+324521.49+1325947.91/
+320730.69+1322346.47</Point>
    </Line>
    <Line Pattern="Solid" Name="B597-4000">
      <Point>+320730.69+1322346.47/
+315530.2+1321230.53</Point>
    </Line>
    <Line Pattern="Solid" Name="B597-4000">
      <Point>+315530.2+1321230.53/
+313316.78+1315147.22</Point>
    </Line>
    <Line Pattern="Solid" Name="B597-4000">
      <Point>+313316.78+1315147.22/
+311334.63+1313336.59</Point>
    </Line>
    <Line Pattern="Solid" Name="B597-4000">
      <Point>+311334.63+1313336.59/
+310658.63+1312733.16</Point>
    </Line>
    <Line Pattern="Solid" Name="B597-4000">
      <Point>+310658.63+1312733.16/
+304536.42+1310803.5</Point>
    </Line>
    <Line Pattern="Solid" Name="B597-4000">
      <Point>+304536.42+1310803.5/
+303607.76+1305929.5</Point>
    </Line>
    <Line Pattern="Solid" Name="B597-4000">
      <Point>+303607.76+1305929.5/
+302032.56+1305004.59</Point>
    </Line>
    <Line Pattern="Solid" Name="B597-4000">
      <Point>+302032.56+1305004.59/
+300032.33+1303804.81</Point>
    </Line>
    <Line Pattern="Solid" Name="B597-5000">
      <Point>+300032.33+1303804.81/
+291758.83+1301252.41</Point>
    </Line>
    <Line Pattern="Solid" Name="B597-4000">
      <Point>+291758.83+1301252.41/
+284357.05+1295300.75</Point>
    </Line>
    <Line Pattern="Solid" Name="B597-3000">
      <Point>+284357.05+1295300.75/
+282604.98+1294241.06</Point>
    </Line>
    <Line Pattern="Solid" Name="B597-4000">
      <Point>+282604.98+1294241.06/
+281109.84+1292733.34</Point>
    </Line>
    <Line Pattern="Solid" Name="B597-6000">
      <Point>+281109.84+1292733.34/
+274918.96+1290526.47</Point>
    </Line>
    <Line Pattern="Solid" Name="B597-5000">
      <Point>+274918.96+1290526.47/
+272558.38+1284156.25</Point>
    </Line>
    <Line Pattern="Solid" Name="B932-12000">
      <Point>+443900.0+1451520.0/
+441607.3+1444226.41</Point>
    </Line>
    <Line Pattern="Solid" Name="B932-12000">
      <Point>+441607.3+1444226.41/
+435305.67+1440958.25</Point>
    </Line>
    <Line Pattern="Solid" Name="G223-FL60">
      <Point>+335412.6+1420947.88/
+334858.14+1422051.72</Point>
    </Line>
    <Line Pattern="Solid" Name="G223-FL60">
      <Point>+334858.14+1422051.72/
+332312.91+1431447.63</Point>
    </Line>
    <Line Pattern="Solid" Name="G223-FL60">
      <Point>+332312.91+1431447.63/
+320013.7+1455947.06</Point>
    </Line>
    <Line Pattern="Solid" Name="G223-FL60">
      <Point>+320013.7+1455947.06/
+300014.59+1473746.94</Point>
    </Line>
    <Line Pattern="Solid" Name="G223-FL60">
      <Point>+300014.59+1473746.94/
+250016.59+1512310.63</Point>
    </Line>
    <Line Pattern="Solid" Name="G223-FL60">
      <Point>+250016.59+1512310.63/
+222428.0+1531126.0</Point>
    </Line>
    <Line Pattern="Solid" Name="G223-FL60">
      <Point>+222428.0+1531126.0/
+210000.0+1540812.0</Point>
    </Line>
    <Line Pattern="Solid" Name="G339-10000">
      <Point>+344719.17+1291922.78/
+341544.87+1294945.31</Point>
    </Line>
    <Line Pattern="Solid" Name="G339-10000">
      <Point>+341544.87+1294945.31/
+334034.35+1302322.69</Point>
    </Line>
    <Line Pattern="Solid" Name="G339-6000">
      <Point>+334034.35+1302322.69/
+331639.96+1302544.63</Point>
    </Line>
    <Line Pattern="Solid" Name="G339-8000">
      <Point>+331639.96+1302544.63/
+331433.98+1302556.53</Point>
    </Line>
    <Line Pattern="Solid" Name="G339-8000">
      <Point>+331433.98+1302556.53/
+330831.81+1302632.09</Point>
    </Line>
    <Line Pattern="Solid" Name="G339-8000">
      <Point>+330831.81+1302632.09/
+330332.2+1302701.41</Point>
    </Line>
    <Line Pattern="Solid" Name="G339-9000">
      <Point>+330332.2+1302701.41/
+325147.11+1302815.69</Point>
    </Line>
    <Line Pattern="Solid" Name="G339-9000">
      <Point>+325147.11+1302815.69/
+323919.48+1302925.5</Point>
    </Line>
    <Line Pattern="Solid" Name="G339-9000">
      <Point>+323919.48+1302925.5/
+322342.27+1303053.72</Point>
    </Line>
    <Line Pattern="Solid" Name="G339-8000">
      <Point>+322342.27+1303053.72/
+321759.3+1303115.75</Point>
    </Line>
    <Line Pattern="Solid" Name="G339-8000">
      <Point>+321759.3+1303115.75/
+321003.35+1303215.41</Point>
    </Line>
    <Line Pattern="Solid" Name="G339-8000">
      <Point>+321003.35+1303215.41/
+314150.0+1303458.59</Point>
    </Line>
    <Line Pattern="Solid" Name="G339-6000">
      <Point>+314150.0+1303458.59/
+311958.21+1304312.0</Point>
    </Line>
    <Line Pattern="Solid" Name="G339-6000">
      <Point>+311958.21+1304312.0/
+310633.03+1304812.91</Point>
    </Line>
    <Line Pattern="Solid" Name="G339-6000">
      <Point>+310633.03+1304812.91/
+305457.03+1305231.66</Point>
    </Line>
    <Line Pattern="Solid" Name="G339-5000">
      <Point>+305457.03+1305231.66/
+304735.17+1305515.41</Point>
    </Line>
    <Line Pattern="Solid" Name="G339-5000">
      <Point>+304735.17+1305515.41/
+303607.76+1305929.5</Point>
    </Line>
    <Line Pattern="Solid" Name="G339-4000">
      <Point>+303607.76+1305929.5/
+302755.56+1310541.56</Point>
    </Line>
    <Line Pattern="Solid" Name="G339-6000">
      <Point>+302755.56+1310541.56/
+301223.98+1311722.38</Point>
    </Line>
    <Line Pattern="Solid" Name="G339-7000">
      <Point>+301223.98+1311722.38/
+300013.26+1312627.84</Point>
    </Line>
    <Line Pattern="Solid" Name="G339-FL140">
      <Point>+300013.26+1312627.84/
+293522.53+1314453.84</Point>
    </Line>
    <Line Pattern="Solid" Name="G339-FL60">
      <Point>+293522.53+1314453.84/
+292239.98+1315525.84</Point>
    </Line>
    <Line Pattern="Solid" Name="G339-FL60">
      <Point>+292239.98+1315525.84/
+282150.97+1324502.31</Point>
    </Line>
    <Line Pattern="Solid" Name="G339-FL60">
      <Point>+282150.97+1324502.31/
+275250.18+1330815.22</Point>
    </Line>
    <Line Pattern="Solid" Name="G339-FL60">
      <Point>+275250.18+1330815.22/
+264401.21+1340227.31</Point>
    </Line>
    <Line Pattern="Solid" Name="G339-FL60">
      <Point>+264401.21+1340227.31/
+252951.17+1345920.84</Point>
    </Line>
    <Line Pattern="Solid" Name="G339-FL60">
      <Point>+252951.17+1345920.84/
+210000.0+1374918.0</Point>
    </Line>
    <Line Pattern="Solid" Name="G581-12000">
      <Point>+244638.61+1251736.28/
+235700.0+1240000.0</Point>
    </Line>
    <Line Pattern="Solid" Name="G583-12000">
      <Point>+445931.33+1441658.31/
+441818.97+1432342.34</Point>
    </Line>
    <Line Pattern="Solid" Name="G585-FL220">
      <Point>+352502.06+1325332.56/
+354925.83+1304325.25</Point>
    </Line>
    <Line Pattern="Solid" Name="G597-4000">
      <Point>+344751.23+1371705.47/
+351554.96+1365453.75</Point>
    </Line>
    <Line Pattern="Solid" Name="G597-13000">
      <Point>+351554.96+1365453.75/
+351807.27+1363736.53</Point>
    </Line>
    <Line Pattern="Solid" Name="G597-13000">
      <Point>+351807.27+1363736.53/
+352850.48+1350813.28</Point>
    </Line>
    <Line Pattern="Solid" Name="G597-7000">
      <Point>+352850.48+1350813.28/
+353011.27+1344121.97</Point>
    </Line>
    <Line Pattern="Solid" Name="G597-7000">
      <Point>+353011.27+1344121.97/
+353138.29+1340953.59</Point>
    </Line>
    <Line Pattern="Solid" Name="G597-6000">
      <Point>+353138.29+1340953.59/
+353038.29+1334210.44</Point>
    </Line>
    <Line Pattern="Solid" Name="G597-7000">
      <Point>+353038.29+1334210.44/
+353004.96+1331525.94</Point>
    </Line>
    <Line Pattern="Solid" Name="G597-4000">
      <Point>+353004.96+1331525.94/
+352502.06+1325332.56</Point>
    </Line>
    <Line Pattern="Solid" Name="G597-8000">
      <Point>+352502.06+1325332.56/
+353733.9+1323440.88</Point>
    </Line>
    <Line Pattern="Solid" Name="G597-FL240">
      <Point>+353733.9+1323440.88/
+362223.66+1312541.94</Point>
    </Line>
    <Line Pattern="Solid" Name="R211-FL60">
      <Point>+433608.13+1381447.47/
+400009.66+1374954.28</Point>
    </Line>
    <Line Pattern="Solid" Name="R211-FL60">
      <Point>+400009.66+1374954.28/
+391409.98+1374448.47</Point>
    </Line>
    <Line Pattern="Solid" Name="R211-9000">
      <Point>+391409.98+1374448.47/
+385715.14+1380315.56</Point>
    </Line>
    <Line Pattern="Solid" Name="R211-9000">
      <Point>+385715.14+1380315.56/
+384030.06+1382120.28</Point>
    </Line>
    <Line Pattern="Solid" Name="R211-9000">
      <Point>+384030.06+1382120.28/
+382816.16+1383425.22</Point>
    </Line>
    <Line Pattern="Solid" Name="R211-5000">
      <Point>+382816.16+1383425.22/
+380715.59+1385631.31</Point>
    </Line>
    <Line Pattern="Solid" Name="R211-5000">
      <Point>+380715.59+1385631.31/
+375729.86+1390653.59</Point>
    </Line>
    <Line Pattern="Solid" Name="R211-FL180">
      <Point>+375729.86+1390653.59/
+370855.91+1405832.5</Point>
    </Line>
    <Line Pattern="Solid" Name="R211-FL140">
      <Point>+370855.91+1405832.5/
+363059.7+1403857.5</Point>
    </Line>
    <Line Pattern="Solid" Name="R211-11000">
      <Point>+363059.7+1403857.5/
+361914.45+1403217.0</Point>
    </Line>
    <Line Pattern="Solid" Name="R217-FL290">
      <Point>+402510.3+1445945.94/
+391352.48+1423158.94</Point>
    </Line>
    <Line Pattern="Solid" Name="R217-FL210">
      <Point>+391352.48+1423158.94/
+380818.86+1405517.31</Point>
    </Line>
    <Line Pattern="Solid" Name="R217-8000">
      <Point>+380818.86+1405517.31/
+380633.0+1403622.0</Point>
    </Line>
    <Line Pattern="Solid" Name="R217-9000">
      <Point>+380633.0+1403622.0/
+380434.28+1401745.78</Point>
    </Line>
    <Line Pattern="Solid" Name="R217-10000">
      <Point>+380434.28+1401745.78/
+380133.86+1394540.38</Point>
    </Line>
    <Line Pattern="Solid" Name="R217-10000">
      <Point>+380133.86+1394540.38/
+375930.09+1392544.28</Point>
    </Line>
    <Line Pattern="Solid" Name="R217-7000">
      <Point>+375930.09+1392544.28/
+375729.86+1390653.59</Point>
    </Line>
    <Line Pattern="Solid" Name="R220-FL180">
      <Point>+494236.0+1592048.0/
+461300.0+1530012.0</Point>
    </Line>
    <Line Pattern="Solid" Name="R220-FL180">
      <Point>+461300.0+1530012.0/
+422327.78+1472832.69</Point>
    </Line>
    <Line Pattern="Solid" Name="R220-FL180">
      <Point>+422327.78+1472832.69/
+415457.91+1465133.06</Point>
    </Line>
    <Line Pattern="Solid" Name="R220-FL180">
      <Point>+415457.91+1465133.06/
+402510.3+1445945.94</Point>
    </Line>
    <Line Pattern="Solid" Name="R220-FL180">
      <Point>+402510.3+1445945.94/
+385422.7+1431340.78</Point>
    </Line>
    <Line Pattern="Solid" Name="R220-FL200">
      <Point>+385422.7+1431340.78/
+381913.86+1422812.13</Point>
    </Line>
    <Line Pattern="Solid" Name="R220-FL150">
      <Point>+381913.86+1422812.13/
+380021.14+1420341.97</Point>
    </Line>
    <Line Pattern="Solid" Name="R220-FL150">
      <Point>+380021.14+1420341.97/
+370855.91+1405832.5</Point>
    </Line>
    <Line Pattern="Solid" Name="R580-FL180">
      <Point>+485942.0+1600042.0/
+453151.38+1534312.0</Point>
    </Line>
    <Line Pattern="Solid" Name="R580-FL180">
      <Point>+453151.38+1534312.0/
+414422.16+1481302.69</Point>
    </Line>
    <Line Pattern="Solid" Name="R580-FL180">
      <Point>+414422.16+1481302.69/
+384115.38+1443042.13</Point>
    </Line>
    <Line Pattern="Solid" Name="R580-FL180">
      <Point>+384115.38+1443042.13/
+374859.19+1433222.88</Point>
    </Line>
    <Line Pattern="Solid" Name="R584-FL60">
      <Point>+242120.31+1300715.38/
+222244.39+1305939.84</Point>
    </Line>
    <Line Pattern="Solid" Name="R584-FL60">
      <Point>+222244.39+1305939.84/
+210000.0+1345648.0</Point>
    </Line>
    <Line Pattern="Solid" Name="R591-FL180">
      <Point>+371150.89+1453958.69/
+402528.89+1493902.56</Point>
    </Line>
    <Line Pattern="Solid" Name="R595-10000">
      <Point>+245600.0+1240000.0/
+244946.52+1245215.5</Point>
    </Line>
    <Line Pattern="Solid" Name="R595-10000">
      <Point>+244946.52+1245215.5/
+244638.61+1251736.28</Point>
    </Line>
    <Line Pattern="Solid" Name="R595-13000">
      <Point>+244638.61+1251736.28/
+240715.23+1264153.44</Point>
    </Line>
    <Line Pattern="Solid" Name="R595-FL60">
      <Point>+240715.23+1264153.44/
+230015.73+1290452.78</Point>
    </Line>
    <Line Pattern="Solid" Name="R595-FL60">
      <Point>+230015.73+1290452.78/
+222244.39+1305939.84</Point>
    </Line>
    <Line Pattern="Solid" Name="R595-FL60">
      <Point>+222244.39+1305939.84/
+210000.0+1345648.0</Point>
    </Line>
    <Line Pattern="Solid" Name="V1-3000">
      <Point>+452426.5+1414820.34/
+451703.92+1414757.94</Point>
    </Line>
    <Line Pattern="Solid" Name="V1-4000">
      <Point>+451703.92+1414757.94/
+451226.73+1414747.16</Point>
    </Line>
    <Line Pattern="Solid" Name="V1-4000">
      <Point>+451226.73+1414747.16/
+450031.11+1414708.09</Point>
    </Line>
    <Line Pattern="Solid" Name="V1-4000">
      <Point>+450031.11+1414708.09/
+445428.64+1414658.0</Point>
    </Line>
    <Line Pattern="Solid" Name="V1-9000">
      <Point>+445428.64+1414658.0/
+434157.61+1414344.53</Point>
    </Line>
    <Line Pattern="Solid" Name="V1-7000">
      <Point>+434157.61+1414344.53/
+432235.39+1414304.0</Point>
    </Line>
    <Line Pattern="Solid" Name="V1-7000">
      <Point>+432235.39+1414304.0/
+432106.67+1414259.81</Point>
    </Line>
    <Line Pattern="Solid" Name="V1-7000">
      <Point>+432106.67+1414259.81/
+430918.81+1414221.63</Point>
    </Line>
    <Line Pattern="Solid" Name="V1-5000">
      <Point>+430918.81+1414221.63/
+424159.64+1414110.22</Point>
    </Line>
    <Line Pattern="Solid" Name="V2-5000">
      <Point>+433438.5+1445701.81/
+432815.17+1443214.47</Point>
    </Line>
    <Line Pattern="Solid" Name="V2-5000">
      <Point>+432815.17+1443214.47/
+430209.78+1441202.75</Point>
    </Line>
    <Line Pattern="Solid" Name="V2-5000">
      <Point>+430209.78+1441202.75/
+430433.64+1432949.06</Point>
    </Line>
    <Line Pattern="Solid" Name="V2-9000">
      <Point>+430433.64+1432949.06/
+430506.58+1431926.75</Point>
    </Line>
    <Line Pattern="Solid" Name="V2-9000">
      <Point>+430506.58+1431926.75/
+430605.53+1430004.44</Point>
    </Line>
    <Line Pattern="Solid" Name="V2-10000">
      <Point>+430605.53+1430004.44/
+430648.55+1424512.31</Point>
    </Line>
    <Line Pattern="Solid" Name="V2-9000">
      <Point>+430648.55+1424512.31/
+430820.5+1420204.09</Point>
    </Line>
    <Line Pattern="Solid" Name="V2-5000">
      <Point>+430820.5+1420204.09/
+430918.81+1414221.63</Point>
    </Line>
    <Line Pattern="Solid" Name="V2-5000">
      <Point>+430918.81+1414221.63/
+431028.7+1411808.59</Point>
    </Line>
    <Line Pattern="Solid" Name="V2-7000">
      <Point>+431028.7+1411808.59/
+425555.19+1411312.59</Point>
    </Line>
    <Line Pattern="Solid" Name="V2-11000">
      <Point>+425555.19+1411312.59/
+423238.86+1410521.69</Point>
    </Line>
    <Line Pattern="Solid" Name="V2-12000">
      <Point>+423238.86+1410521.69/
+423007.09+1410430.97</Point>
    </Line>
    <Line Pattern="Solid" Name="V2-12000">
      <Point>+423007.09+1410430.97/
+422023.73+1410114.44</Point>
    </Line>
    <Line Pattern="Solid" Name="V2-11000">
      <Point>+422023.73+1410114.44/
+421041.8+1405759.31</Point>
    </Line>
    <Line Pattern="Solid" Name="V2-8000">
      <Point>+421041.8+1405759.31/
+420119.14+1405451.72</Point>
    </Line>
    <Line Pattern="Solid" Name="V2-8000">
      <Point>+420119.14+1405451.72/
+415412.25+1405230.0</Point>
    </Line>
    <Line Pattern="Solid" Name="V2-7000">
      <Point>+415412.25+1405230.0/
+414626.5+1404955.97</Point>
    </Line>
    <Line Pattern="Solid" Name="V3-4000">
      <Point>+452426.5+1414820.34/
+450425.81+1421941.47</Point>
    </Line>
    <Line Pattern="Solid" Name="V3-12000">
      <Point>+450425.81+1421941.47/
+441324.58+1433917.63</Point>
    </Line>
    <Line Pattern="Solid" Name="V3-4000">
      <Point>+441324.58+1433917.63/
+435305.67+1440958.25</Point>
    </Line>
    <Line Pattern="Solid" Name="V3-5000">
      <Point>+435305.67+1440958.25/
+434306.33+1441022.94</Point>
    </Line>
    <Line Pattern="Solid" Name="V3-7000">
      <Point>+434306.33+1441022.94/
+430209.78+1441202.75</Point>
    </Line>
    <Line Pattern="Solid" Name="V4-5000">
      <Point>+435305.67+1440958.25/
+433738.73+1435710.91</Point>
    </Line>
    <Line Pattern="Solid" Name="V4-5000">
      <Point>+433738.73+1435710.91/
+432725.16+1434834.28</Point>
    </Line>
    <Line Pattern="Solid" Name="V4-6000">
      <Point>+432725.16+1434834.28/
+430433.64+1432949.06</Point>
    </Line>
    <Line Pattern="Solid" Name="V4-5000">
      <Point>+430433.64+1432949.06/
+425537.19+1432233.78</Point>
    </Line>
    <Line Pattern="Solid" Name="V4-5000">
      <Point>+425537.19+1432233.78/
+424402.27+1431313.66</Point>
    </Line>
    <Line Pattern="Solid" Name="V5-6000">
      <Point>+430209.78+1441202.75/
+425838.2+1434501.75</Point>
    </Line>
    <Line Pattern="Solid" Name="V5-6000">
      <Point>+425838.2+1434501.75/
+425537.19+1432233.78</Point>
    </Line>
    <Line Pattern="Solid" Name="V5-8000">
      <Point>+425537.19+1432233.78/
+425154.67+1425543.63</Point>
    </Line>
    <Line Pattern="Solid" Name="V5-12000">
      <Point>+425154.67+1425543.63/
+424818.75+1422754.66</Point>
    </Line>
    <Line Pattern="Solid" Name="V5-12000">
      <Point>+424818.75+1422754.66/
+424159.64+1414110.22</Point>
    </Line>
    <Line Pattern="Solid" Name="V6-5000">
      <Point>+424511.27+1440744.56/
+424402.27+1431313.66</Point>
    </Line>
    <Line Pattern="Solid" Name="V6-9000">
      <Point>+424402.27+1431313.66/
+424312.13+1422837.78</Point>
    </Line>
    <Line Pattern="Solid" Name="V6-9000">
      <Point>+424312.13+1422837.78/
+424159.64+1414110.22</Point>
    </Line>
    <Line Pattern="Solid" Name="V7-5000">
      <Point>+435305.67+1440958.25/
+434958.11+1434523.19</Point>
    </Line>
    <Line Pattern="Solid" Name="V7-5000">
      <Point>+434958.11+1434523.19/
+434946.38+1434238.34</Point>
    </Line>
    <Line Pattern="Solid" Name="V7-10000">
      <Point>+434946.38+1434238.34/
+434002.14+1422724.66</Point>
    </Line>
    <Line Pattern="Solid" Name="V7-5000">
      <Point>+434002.14+1422724.66/
+433543.02+1422356.34</Point>
    </Line>
    <Line Pattern="Solid" Name="V7-7000">
      <Point>+433543.02+1422356.34/
+432703.98+1421700.91</Point>
    </Line>
    <Line Pattern="Solid" Name="V7-8000">
      <Point>+432703.98+1421700.91/
+430820.5+1420204.09</Point>
    </Line>
    <Line Pattern="Solid" Name="V7-7000">
      <Point>+430820.5+1420204.09/
+424159.64+1414110.22</Point>
    </Line>
    <Line Pattern="Solid" Name="V8-8000">
      <Point>+441818.97+1432342.34/
+440516.02+1430426.84</Point>
    </Line>
    <Line Pattern="Solid" Name="V8-8000">
      <Point>+440516.02+1430426.84/
+440108.78+1425822.81</Point>
    </Line>
    <Line Pattern="Solid" Name="V8-8000">
      <Point>+440108.78+1425822.81/
+434002.14+1422724.66</Point>
    </Line>
    <Line Pattern="Solid" Name="V8-6000">
      <Point>+434002.14+1422724.66/
+432106.67+1414259.81</Point>
    </Line>
    <Line Pattern="Solid" Name="V8-6000">
      <Point>+432106.67+1414259.81/
+431028.7+1411808.59</Point>
    </Line>
    <Line Pattern="Solid" Name="V9-4000">
      <Point>+420413.08+1392636.25/
+420113.09+1394047.44</Point>
    </Line>
    <Line Pattern="Solid" Name="V9-4000">
      <Point>+420113.09+1394047.44/
+415719.69+1395856.94</Point>
    </Line>
    <Line Pattern="Solid" Name="V9-5000">
      <Point>+415719.69+1395856.94/
+415448.28+1401124.44</Point>
    </Line>
    <Line Pattern="Solid" Name="V9-5000">
      <Point>+415448.28+1401124.44/
+415041.06+1403046.84</Point>
    </Line>
    <Line Pattern="Solid" Name="V9-5000">
      <Point>+415041.06+1403046.84/
+414626.5+1404955.97</Point>
    </Line>
    <Line Pattern="Solid" Name="V10-FL170">
      <Point>+375729.86+1390653.59/
+394204.06+1403305.56</Point>
    </Line>
    <Line Pattern="Solid" Name="V10-13000">
      <Point>+394204.06+1403305.56/
+401115.92+1405701.38</Point>
    </Line>
    <Line Pattern="Solid" Name="V10-8000">
      <Point>+401115.92+1405701.38/
+404213.77+1412251.97</Point>
    </Line>
    <Line Pattern="Solid" Name="V13-6000">
      <Point>+424159.64+1414110.22/
+415757.98+1411856.38</Point>
    </Line>
    <Line Pattern="Solid" Name="V13-6000">
      <Point>+415757.98+1411856.38/
+415148.28+1411535.59</Point>
    </Line>
    <Line Pattern="Solid" Name="V13-6000">
      <Point>+415148.28+1411535.59/
+414102.55+1411021.5</Point>
    </Line>
    <Line Pattern="Solid" Name="V13-6000">
      <Point>+414102.55+1411021.5/
+411833.98+1405915.63</Point>
    </Line>
    <Line Pattern="Solid" Name="V13-6000">
      <Point>+411833.98+1405915.63/
+404419.66+1404219.22</Point>
    </Line>
    <Line Pattern="Solid" Name="V13-6000">
      <Point>+404419.66+1404219.22/
+402925.44+1404004.97</Point>
    </Line>
    <Line Pattern="Solid" Name="V13-7000">
      <Point>+402925.44+1404004.97/
+402328.61+1403911.41</Point>
    </Line>
    <Line Pattern="Solid" Name="V13-9000">
      <Point>+402328.61+1403911.41/
+401730.08+1403817.97</Point>
    </Line>
    <Line Pattern="Solid" Name="V13-10000">
      <Point>+401730.08+1403817.97/
+401233.2+1403734.5</Point>
    </Line>
    <Line Pattern="Solid" Name="V13-FL150">
      <Point>+401233.2+1403734.5/
+395341.16+1403447.63</Point>
    </Line>
    <Line Pattern="Solid" Name="V13-FL200">
      <Point>+395341.16+1403447.63/
+394204.06+1403305.56</Point>
    </Line>
    <Line Pattern="Solid" Name="V13-FL200">
      <Point>+394204.06+1403305.56/
+390800.78+1402756.19</Point>
    </Line>
    <Line Pattern="Solid" Name="V13-8000">
      <Point>+390800.78+1402756.19/
+382319.05+1402128.66</Point>
    </Line>
    <Line Pattern="Solid" Name="V15-11000">
      <Point>+375729.86+1390653.59/
+374308.34+1391220.66</Point>
    </Line>
    <Line Pattern="Solid" Name="V15-11000">
      <Point>+374308.34+1391220.66/
+362923.78+1393946.44</Point>
    </Line>
    <Line Pattern="Solid" Name="V15-7000">
      <Point>+362923.78+1393946.44/
+362328.32+1394156.25</Point>
    </Line>
    <Line Pattern="Solid" Name="V15-7000">
      <Point>+362328.32+1394156.25/
+360039.33+1395021.03</Point>
    </Line>
    <Line Pattern="Solid" Name="V17-6000">
      <Point>+344244.11+1392450.47/
+344429.57+1390040.09</Point>
    </Line>
    <Line Pattern="Solid" Name="V17-7000">
      <Point>+344429.57+1390040.09/
+344748.63+1381135.5</Point>
    </Line>
    <Line Pattern="Solid" Name="V17-7000">
      <Point>+344748.63+1381135.5/
+344629.03+1372758.31</Point>
    </Line>
    <Line Pattern="Solid" Name="V17-7000">
      <Point>+344629.03+1372758.31/
+344751.23+1371705.47</Point>
    </Line>
    <Line Pattern="Solid" Name="V17-4000">
      <Point>+344751.23+1371705.47/
+345128.82+1364811.44</Point>
    </Line>
    <Line Pattern="Solid" Name="V18-7000">
      <Point>+344244.11+1392450.47/
+341150.7+1393156.84</Point>
    </Line>
    <Line Pattern="Solid" Name="V18-7000">
      <Point>+341150.7+1393156.84/
+340415.75+1393340.66</Point>
    </Line>
    <Line Pattern="Solid" Name="V18-5000">
      <Point>+340415.75+1393340.66/
+333148.91+1394844.56</Point>
    </Line>
    <Line Pattern="Solid" Name="V18-5000">
      <Point>+333148.91+1394844.56/
+332250.44+1394814.03</Point>
    </Line>
    <Line Pattern="Solid" Name="V18-5000">
      <Point>+332250.44+1394814.03/
+330651.66+1394718.53</Point>
    </Line>
    <Line Pattern="Solid" Name="V22-7000">
      <Point>+424159.64+1414110.22/
+415507.3+1414535.88</Point>
    </Line>
    <Line Pattern="Solid" Name="V22-10000">
      <Point>+415507.3+1414535.88/
+405226.72+1415127.81</Point>
    </Line>
    <Line Pattern="Solid" Name="V22-7000">
      <Point>+405226.72+1415127.81/
+401550.86+1415454.69</Point>
    </Line>
    <Line Pattern="Solid" Name="V22-7000">
      <Point>+401550.86+1415454.69/
+395156.3+1415703.84</Point>
    </Line>
    <Line Pattern="Solid" Name="V22-13000">
      <Point>+395156.3+1415703.84/
+380818.86+1405517.31</Point>
    </Line>
    <Line Pattern="Solid" Name="V22-6000">
      <Point>+380818.86+1405517.31/
+373155.91+1403555.56</Point>
    </Line>
    <Line Pattern="Solid" Name="V22-6000">
      <Point>+373155.91+1403555.56/
+371327.5+1402613.53</Point>
    </Line>
    <Line Pattern="Solid" Name="V28-7000">
      <Point>+351554.96+1365453.75/
+351001.59+1362900.5</Point>
    </Line>
    <Line Pattern="Solid" Name="V28-12000">
      <Point>+351001.59+1362900.5/
+350657.59+1361521.59</Point>
    </Line>
    <Line Pattern="Solid" Name="V28-FL170">
      <Point>+350657.59+1361521.59/
+350344.73+1360117.0</Point>
    </Line>
    <Line Pattern="Solid" Name="V28-FL170">
      <Point>+350344.73+1360117.0/
+350101.38+1354933.63</Point>
    </Line>
    <Line Pattern="Solid" Name="V28-9000">
      <Point>+350101.38+1354933.63/
+344819.74+1352413.16</Point>
    </Line>
    <Line Pattern="Solid" Name="V28-8000">
      <Point>+344819.74+1352413.16/
+344522.69+1350621.38</Point>
    </Line>
    <Line Pattern="Solid" Name="V28-9000">
      <Point>+344522.69+1350621.38/
+344522.71+1345947.31</Point>
    </Line>
    <Line Pattern="Solid" Name="V28-8000">
      <Point>+344522.71+1345947.31/
+344519.08+1343217.66</Point>
    </Line>
    <Line Pattern="Solid" Name="V28-6000">
      <Point>+344519.08+1343217.66/
+344517.65+1342700.25</Point>
    </Line>
    <Line Pattern="Solid" Name="V28-5000">
      <Point>+344517.65+1342700.25/
+344501.38+1335006.19</Point>
    </Line>
    <Line Pattern="Solid" Name="V28-5000">
      <Point>+344501.38+1335006.19/
+342817.5+1332301.16</Point>
    </Line>
    <Line Pattern="Solid" Name="V28-5000">
      <Point>+342817.5+1332301.16/
+342601.59+1325526.28</Point>
    </Line>
    <Line Pattern="Solid" Name="V28-5000">
      <Point>+342601.59+1325526.28/
+340808.49+1321609.94</Point>
    </Line>
    <Line Pattern="Solid" Name="V28-5000">
      <Point>+340808.49+1321609.94/
+340446.04+1320850.16</Point>
    </Line>
    <Line Pattern="Solid" Name="V28-5000">
      <Point>+340446.04+1320850.16/
+340013.05+1314112.84</Point>
    </Line>
    <Line Pattern="Solid" Name="V28-5000">
      <Point>+340013.05+1314112.84/
+335608.26+1311700.69</Point>
    </Line>
    <Line Pattern="Solid" Name="V28-5000">
      <Point>+335608.26+1311700.69/
+335123.82+1310145.84</Point>
    </Line>
    <Line Pattern="Solid" Name="V28-5000">
      <Point>+335123.82+1310145.84/
+334719.34+1304712.88</Point>
    </Line>
    <Line Pattern="Solid" Name="V28-5000">
      <Point>+334719.34+1304712.88/
+334034.35+1302322.69</Point>
    </Line>
    <Line Pattern="Solid" Name="V28-10000">
      <Point>+334034.35+1302322.69/
+324006.98+1284936.25</Point>
    </Line>
    <Line Pattern="Solid" Name="V29-4000">
      <Point>+361036.27+1331922.13/
+360205.78+1331430.44</Point>
    </Line>
    <Line Pattern="Solid" Name="V29-4000">
      <Point>+360205.78+1331430.44/
+352502.06+1325332.56</Point>
    </Line>
    <Line Pattern="Solid" Name="V29-7000">
      <Point>+352502.06+1325332.56/
+351046.37+1325153.69</Point>
    </Line>
    <Line Pattern="Solid" Name="V29-9000">
      <Point>+351046.37+1325153.69/
+345336.99+1324955.38</Point>
    </Line>
    <Line Pattern="Solid" Name="V29-7000">
      <Point>+345336.99+1324955.38/
+342601.59+1325526.28</Point>
    </Line>
    <Line Pattern="Solid" Name="V30-6000">
      <Point>+424159.64+1414110.22/
+420321.67+1410527.56</Point>
    </Line>
    <Line Pattern="Solid" Name="V30-6000">
      <Point>+420321.67+1410527.56/
+414626.5+1404955.97</Point>
    </Line>
    <Line Pattern="Solid" Name="V30-FL230">
      <Point>+414626.5+1404955.97/
+405545.69+1402636.81</Point>
    </Line>
    <Line Pattern="Solid" Name="V30-FL230">
      <Point>+405545.69+1402636.81/
+400422.34+1400316.09</Point>
    </Line>
    <Line Pattern="Solid" Name="V30-FL230">
      <Point>+400422.34+1400316.09/
+383813.44+1392421.5</Point>
    </Line>
    <Line Pattern="Solid" Name="V30-FL160">
      <Point>+383813.44+1392421.5/
+382358.5+1391831.09</Point>
    </Line>
    <Line Pattern="Solid" Name="V30-5000">
      <Point>+382358.5+1391831.09/
+380947.11+1391217.06</Point>
    </Line>
    <Line Pattern="Solid" Name="V30-5000">
      <Point>+380947.11+1391217.06/
+375729.86+1390653.59</Point>
    </Line>
    <Line Pattern="Solid" Name="V30-5000">
      <Point>+375729.86+1390653.59/
+373613.22+1382849.19</Point>
    </Line>
    <Line Pattern="Solid" Name="V30-10000">
      <Point>+373613.22+1382849.19/
+371535.83+1375304.72</Point>
    </Line>
    <Line Pattern="Solid" Name="V30-11000">
      <Point>+371535.83+1375304.72/
+371154.55+1374610.38</Point>
    </Line>
    <Line Pattern="Solid" Name="V30-11000">
      <Point>+371154.55+1374610.38/
+370809.36+1373939.75</Point>
    </Line>
    <Line Pattern="Solid" Name="V30-11000">
      <Point>+370809.36+1373939.75/
+370217.5+1372932.53</Point>
    </Line>
    <Line Pattern="Solid" Name="V30-11000">
      <Point>+370217.5+1372932.53/
+364909.16+1370753.5</Point>
    </Line>
    <Line Pattern="Solid" Name="V30-8000">
      <Point>+364909.16+1370753.5/
+364422.39+1365925.56</Point>
    </Line>
    <Line Pattern="Solid" Name="V30-8000">
      <Point>+364422.39+1365925.56/
+363618.36+1364512.97</Point>
    </Line>
    <Line Pattern="Solid" Name="V30-8000">
      <Point>+363618.36+1364512.97/
+362347.29+1362415.31</Point>
    </Line>
    <Line Pattern="Solid" Name="V31-6000">
      <Point>+414626.5+1404955.97/
+412632.42+1404728.03</Point>
    </Line>
    <Line Pattern="Solid" Name="V31-6000">
      <Point>+412632.42+1404728.03/
+410638.3+1404501.59</Point>
    </Line>
    <Line Pattern="Solid" Name="V31-6000">
      <Point>+410638.3+1404501.59/
+410009.55+1404414.25</Point>
    </Line>
    <Line Pattern="Solid" Name="V31-6000">
      <Point>+410009.55+1404414.25/
+404419.66+1404219.22</Point>
    </Line>
    <Line Pattern="Solid" Name="V31-7000">
      <Point>+404419.66+1404219.22/
+395456.61+1401926.81</Point>
    </Line>
    <Line Pattern="Solid" Name="V31-7000">
      <Point>+395456.61+1401926.81/
+393701.66+1401112.97</Point>
    </Line>
    <Line Pattern="Solid" Name="V31-9000">
      <Point>+393701.66+1401112.97/
+391910.08+1395933.75</Point>
    </Line>
    <Line Pattern="Solid" Name="V31-9000">
      <Point>+391910.08+1395933.75/
+390408.91+1394935.97</Point>
    </Line>
    <Line Pattern="Solid" Name="V31-9000">
      <Point>+390408.91+1394935.97/
+384155.7+1393512.06</Point>
    </Line>
    <Line Pattern="Solid" Name="V31-9000">
      <Point>+384155.7+1393512.06/
+382419.8+1392354.31</Point>
    </Line>
    <Line Pattern="Solid" Name="V31-5000">
      <Point>+382419.8+1392354.31/
+375729.86+1390653.59</Point>
    </Line>
    <Line Pattern="Solid" Name="V31-FL200">
      <Point>+375729.86+1390653.59/
+372400.11+1383916.78</Point>
    </Line>
    <Line Pattern="Solid" Name="V31-FL200">
      <Point>+372400.11+1383916.78/
+371514.91+1383208.59</Point>
    </Line>
    <Line Pattern="Solid" Name="V31-FL200">
      <Point>+371514.91+1383208.59/
+362850.16+1375432.88</Point>
    </Line>
    <Line Pattern="Solid" Name="V31-FL200">
      <Point>+362850.16+1375432.88/
+361825.07+1374553.22</Point>
    </Line>
    <Line Pattern="Solid" Name="V31-FL200">
      <Point>+361825.07+1374553.22/
+360147.16+1373209.47</Point>
    </Line>
    <Line Pattern="Solid" Name="V31-13000">
      <Point>+360147.16+1373209.47/
+352106.2+1365857.88</Point>
    </Line>
    <Line Pattern="Solid" Name="V31-13000">
      <Point>+352106.2+1365857.88/
+351554.96+1365453.75</Point>
    </Line>
    <Line Pattern="Solid" Name="V32-7000">
      <Point>+393701.66+1401112.97/
+391709.52+1401401.06</Point>
    </Line>
    <Line Pattern="Solid" Name="V32-7000">
      <Point>+391709.52+1401401.06/
+390004.28+1401624.5</Point>
    </Line>
    <Line Pattern="Solid" Name="V32-7000">
      <Point>+390004.28+1401624.5/
+385000.59+1401748.16</Point>
    </Line>
    <Line Pattern="Solid" Name="V32-7000">
      <Point>+385000.59+1401748.16/
+382319.05+1402128.66</Point>
    </Line>
    <Line Pattern="Solid" Name="V33-10000">
      <Point>+404213.77+1412251.97/
+394049.78+1411051.38</Point>
    </Line>
    <Line Pattern="Solid" Name="V33-6000">
      <Point>+394049.78+1411051.38/
+392600.09+1410800.59</Point>
    </Line>
    <Line Pattern="Solid" Name="V33-7000">
      <Point>+392600.09+1410800.59/
+380818.86+1405517.31</Point>
    </Line>
    <Line Pattern="Solid" Name="V34-9000">
      <Point>+395156.3+1415703.84/
+393645.2+1412818.28</Point>
    </Line>
    <Line Pattern="Solid" Name="V34-9000">
      <Point>+393645.2+1412818.28/
+393139.98+1411840.56</Point>
    </Line>
    <Line Pattern="Solid" Name="V34-6000">
      <Point>+393139.98+1411840.56/
+392600.09+1410800.59</Point>
    </Line>
    <Line Pattern="Solid" Name="V34-7000">
      <Point>+392600.09+1410800.59/
+391749.41+1405639.94</Point>
    </Line>
    <Line Pattern="Solid" Name="V34-11000">
      <Point>+391749.41+1405639.94/
+390105.95+1403340.78</Point>
    </Line>
    <Line Pattern="Solid" Name="V34-11000">
      <Point>+390105.95+1403340.78/
+385000.59+1401748.16</Point>
    </Line>
    <Line Pattern="Solid" Name="V34-10000">
      <Point>+385000.59+1401748.16/
+381117.58+1392515.84</Point>
    </Line>
    <Line Pattern="Solid" Name="V34-5000">
      <Point>+381117.58+1392515.84/
+375729.86+1390653.59</Point>
    </Line>
    <Line Pattern="Solid" Name="V35-5000">
      <Point>+430209.78+1441202.75/
+424916.84+1440846.56</Point>
    </Line>
    <Line Pattern="Solid" Name="V35-5000">
      <Point>+424916.84+1440846.56/
+424511.27+1440744.56</Point>
    </Line>
    <Line Pattern="Solid" Name="V35-10000">
      <Point>+424511.27+1440744.56/
+423313.55+1440443.88</Point>
    </Line>
    <Line Pattern="Solid" Name="V35-10000">
      <Point>+423313.55+1440443.88/
+412937.09+1434900.38</Point>
    </Line>
    <Line Pattern="Solid" Name="V35-FL180">
      <Point>+412937.09+1434900.38/
+404509.39+1433817.06</Point>
    </Line>
    <Line Pattern="Solid" Name="V35-FL180">
      <Point>+404509.39+1433817.06/
+403208.2+1431301.5</Point>
    </Line>
    <Line Pattern="Solid" Name="V35-FL180">
      <Point>+403208.2+1431301.5/
+395156.3+1415703.84</Point>
    </Line>
    <Line Pattern="Solid" Name="V36-7000">
      <Point>+392600.09+1410800.59/
+391538.33+1410012.38</Point>
    </Line>
    <Line Pattern="Solid" Name="V36-9000">
      <Point>+391538.33+1410012.38/
+390009.75+1404838.09</Point>
    </Line>
    <Line Pattern="Solid" Name="V36-11000">
      <Point>+390009.75+1404838.09/
+385134.69+1404215.53</Point>
    </Line>
    <Line Pattern="Solid" Name="V36-11000">
      <Point>+385134.69+1404215.53/
+383619.36+1403100.09</Point>
    </Line>
    <Line Pattern="Solid" Name="V36-7000">
      <Point>+383619.36+1403100.09/
+382319.05+1402128.66</Point>
    </Line>
    <Line Pattern="Solid" Name="V37-6000">
      <Point>+332651.88+1354740.19/
+332804.16+1351944.0</Point>
    </Line>
    <Line Pattern="Solid" Name="V37-8000">
      <Point>+332804.16+1351944.0/
+332858.38+1345950.0</Point>
    </Line>
    <Line Pattern="Solid" Name="V37-8000">
      <Point>+332858.38+1345950.0/
+333002.09+1343555.25</Point>
    </Line>
    <Line Pattern="Solid" Name="V37-10000">
      <Point>+333002.09+1343555.25/
+333037.06+1342234.28</Point>
    </Line>
    <Line Pattern="Solid" Name="V37-7000">
      <Point>+333037.06+1342234.28/
+333110.63+1341044.25</Point>
    </Line>
    <Line Pattern="Solid" Name="V37-6000">
      <Point>+333110.63+1341044.25/
+333230.41+1334048.56</Point>
    </Line>
    <Line Pattern="Solid" Name="V38-8000">
      <Point>+362347.29+1362415.31/
+352850.48+1350813.28</Point>
    </Line>
    <Line Pattern="Solid" Name="V38-11000">
      <Point>+352850.48+1350813.28/
+344517.65+1342700.25</Point>
    </Line>
    <Line Pattern="Solid" Name="V38-5000">
      <Point>+344517.65+1342700.25/
+341244.99+1340121.34</Point>
    </Line>
    <Line Pattern="Solid" Name="V40-9000">
      <Point>+341244.99+1340121.34/
+341002.08+1335233.06</Point>
    </Line>
    <Line Pattern="Solid" Name="V40-9000">
      <Point>+341002.08+1335233.06/
+340224.51+1332728.59</Point>
    </Line>
    <Line Pattern="Solid" Name="V40-FL150">
      <Point>+340224.51+1332728.59/
+335826.18+1331251.5</Point>
    </Line>
    <Line Pattern="Solid" Name="V40-11000">
      <Point>+335826.18+1331251.5/
+334948.37+1324131.97</Point>
    </Line>
    <Line Pattern="Solid" Name="V40-4000">
      <Point>+334948.37+1324131.97/
+333646.76+1320427.97</Point>
    </Line>
    <Line Pattern="Solid" Name="V40-4000">
      <Point>+333646.76+1320427.97/
+332922.98+1314343.53</Point>
    </Line>
    <Line Pattern="Solid" Name="V40-9000">
      <Point>+332922.98+1314343.53/
+330736.58+1312932.09</Point>
    </Line>
    <Line Pattern="Solid" Name="V40-10000">
      <Point>+330736.58+1312932.09/
+330409.64+1312152.91</Point>
    </Line>
    <Line Pattern="Solid" Name="V40-10000">
      <Point>+330409.64+1312152.91/
+330058.1+1311449.41</Point>
    </Line>
    <Line Pattern="Solid" Name="V40-8000">
      <Point>+330058.1+1311449.41/
+325837.74+1310934.03</Point>
    </Line>
    <Line Pattern="Solid" Name="V40-8000">
      <Point>+325837.74+1310934.03/
+325158.27+1305441.44</Point>
    </Line>
    <Line Pattern="Solid" Name="V40-6000">
      <Point>+325158.27+1305441.44/
+325005.3+1305029.44</Point>
    </Line>
    <Line Pattern="Solid" Name="V40-9000">
      <Point>+325005.3+1305029.44/
+325112.57+1303618.47</Point>
    </Line>
    <Line Pattern="Solid" Name="V40-9000">
      <Point>+325112.57+1303618.47/
+325147.11+1302815.69</Point>
    </Line>
    <Line Pattern="Solid" Name="V40-6000">
      <Point>+325147.11+1302815.69/
+325218.46+1302204.28</Point>
    </Line>
    <Line Pattern="Solid" Name="V40-7000">
      <Point>+325218.46+1302204.28/
+325250.49+1301501.22</Point>
    </Line>
    <Line Pattern="Solid" Name="V40-7000">
      <Point>+325250.49+1301501.22/
+325418.89+1295504.75</Point>
    </Line>
    <Line Pattern="Solid" Name="V40-5000">
      <Point>+325418.89+1295504.75/
+325037.01+1293746.88</Point>
    </Line>
    <Line Pattern="Solid" Name="V40-5000">
      <Point>+325037.01+1293746.88/
+324631.77+1291848.47</Point>
    </Line>
    <Line Pattern="Solid" Name="V40-5000">
      <Point>+324631.77+1291848.47/
+324301.73+1290247.66</Point>
    </Line>
    <Line Pattern="Solid" Name="V40-5000">
      <Point>+324301.73+1290247.66/
+324006.98+1284936.25</Point>
    </Line>
    <Line Pattern="Solid" Name="V52-8000">
      <Point>+362347.29+1362415.31/
+360020.5+1363456.75</Point>
    </Line>
    <Line Pattern="Solid" Name="V52-12000">
      <Point>+360020.5+1363456.75/
+355328.3+1363803.41</Point>
    </Line>
    <Line Pattern="Solid" Name="V52-12000">
      <Point>+355328.3+1363803.41/
+354704.21+1364056.97</Point>
    </Line>
    <Line Pattern="Solid" Name="V52-12000">
      <Point>+354704.21+1364056.97/
+353923.52+1364424.13</Point>
    </Line>
    <Line Pattern="Solid" Name="V52-6000">
      <Point>+353923.52+1364424.13/
+351554.96+1365453.75</Point>
    </Line>
    <Line Pattern="Solid" Name="V52-3000">
      <Point>+351554.96+1365453.75/
+345128.82+1364811.44</Point>
    </Line>
    <Line Pattern="Solid" Name="V52-5000">
      <Point>+345128.82+1364811.44/
+341815.8+1363519.25</Point>
    </Line>
    <Line Pattern="Solid" Name="V52-11000">
      <Point>+341815.8+1363519.25/
+340546.03+1362337.06</Point>
    </Line>
    <Line Pattern="Solid" Name="V52-8000">
      <Point>+340546.03+1362337.06/
+332651.88+1354740.19</Point>
    </Line>
    <Line Pattern="Solid" Name="V53-8000">
      <Point>+341244.99+1340121.34/
+340053.91+1335517.5</Point>
    </Line>
    <Line Pattern="Solid" Name="V53-8000">
      <Point>+340053.91+1335517.5/
+334905.06+1334915.31</Point>
    </Line>
    <Line Pattern="Solid" Name="V53-8000">
      <Point>+334905.06+1334915.31/
+333230.41+1334048.56</Point>
    </Line>
    <Line Pattern="Solid" Name="V53-5000">
      <Point>+333230.41+1334048.56/
+332022.22+1333013.63</Point>
    </Line>
    <Line Pattern="Solid" Name="V53-6000">
      <Point>+332022.22+1333013.63/
+330547.45+1331731.44</Point>
    </Line>
    <Line Pattern="Solid" Name="V53-6000">
      <Point>+330547.45+1331731.44/
+324521.49+1325947.91</Point>
    </Line>
    <Line Pattern="Solid" Name="V54-10000">
      <Point>+330736.58+1312932.09/
+325253.07+1312001.13</Point>
    </Line>
    <Line Pattern="Solid" Name="V54-11000">
      <Point>+325253.07+1312001.13/
+323519.29+1310845.16</Point>
    </Line>
    <Line Pattern="Solid" Name="V54-11000">
      <Point>+323519.29+1310845.16/
+322813.03+1310413.25</Point>
    </Line>
    <Line Pattern="Solid" Name="V54-10000">
      <Point>+322813.03+1310413.25/
+321145.37+1305346.47</Point>
    </Line>
    <Line Pattern="Solid" Name="V54-8000">
      <Point>+321145.37+1305346.47/
+314150.0+1303458.59</Point>
    </Line>
    <Line Pattern="Solid" Name="V55-7000">
      <Point>+352850.48+1350813.28/
+350700.55+1351800.94</Point>
    </Line>
    <Line Pattern="Solid" Name="V55-7000">
      <Point>+350700.55+1351800.94/
+345550.2+1352143.91</Point>
    </Line>
    <Line Pattern="Solid" Name="V55-5000">
      <Point>+345550.2+1352143.91/
+344819.74+1352413.16</Point>
    </Line>
    <Line Pattern="Solid" Name="V55-5000">
      <Point>+344819.74+1352413.16/
+342628.54+1352531.28</Point>
    </Line>
    <Line Pattern="Solid" Name="V55-5000">
      <Point>+342628.54+1352531.28/
+342218.42+1352546.09</Point>
    </Line>
    <Line Pattern="Solid" Name="V55-6000">
      <Point>+342218.42+1352546.09/
+341817.59+1352600.34</Point>
    </Line>
    <Line Pattern="Solid" Name="V55-7000">
      <Point>+341817.59+1352600.34/
+335800.89+1352712.06</Point>
    </Line>
    <Line Pattern="Solid" Name="V55-8000">
      <Point>+335800.89+1352712.06/
+332651.88+1354740.19</Point>
    </Line>
    <Line Pattern="Solid" Name="V56-5000">
      <Point>+340446.04+1320850.16/
+334948.37+1324131.97</Point>
    </Line>
    <Line Pattern="Solid" Name="V56-10000">
      <Point>+334948.37+1324131.97/
+334250.65+1330538.16</Point>
    </Line>
    <Line Pattern="Solid" Name="V56-10000">
      <Point>+334250.65+1330538.16/
+334049.7+1331233.13</Point>
    </Line>
    <Line Pattern="Solid" Name="V56-10000">
      <Point>+334049.7+1331233.13/
+333230.41+1334048.56</Point>
    </Line>
    <Line Pattern="Solid" Name="V57-12000">
      <Point>+371535.83+1375304.72/
+370604.89+1375320.75</Point>
    </Line>
    <Line Pattern="Solid" Name="V57-12000">
      <Point>+370604.89+1375320.75/
+362850.16+1375432.88</Point>
    </Line>
    <Line Pattern="Solid" Name="V57-11000">
      <Point>+362850.16+1375432.88/
+360921.51+1375511.34</Point>
    </Line>
    <Line Pattern="Solid" Name="V57-10000">
      <Point>+360921.51+1375511.34/
+355928.16+1375658.06</Point>
    </Line>
    <Line Pattern="Solid" Name="V57-12000">
      <Point>+355928.16+1375658.06/
+354010.52+1380025.0</Point>
    </Line>
    <Line Pattern="Solid" Name="V71-FL60">
      <Point>+322017.3+1361621.91/
+314329.56+1351952.34</Point>
    </Line>
    <Line Pattern="Solid" Name="V71-FL60">
      <Point>+314329.56+1351952.34/
+305910.73+1341338.44</Point>
    </Line>
    <Line Pattern="Solid" Name="V71-FL60">
      <Point>+305910.73+1341338.44/
+293448.7+1321224.31</Point>
    </Line>
    <Line Pattern="Solid" Name="V71-FL60">
      <Point>+293448.7+1321224.31/
+292239.98+1315525.84</Point>
    </Line>
    <Line Pattern="Solid" Name="V71-FL60">
      <Point>+292239.98+1315525.84/
+283014.77+1300839.09</Point>
    </Line>
    <Line Pattern="Solid" Name="V71-10000">
      <Point>+283014.77+1300839.09/
+275755.55+1292440.47</Point>
    </Line>
    <Line Pattern="Solid" Name="V71-6000">
      <Point>+275755.55+1292440.47/
+272558.38+1284156.25</Point>
    </Line>
    <Line Pattern="Solid" Name="V73-6000">
      <Point>+272558.38+1284156.25/
+273153.07+1290553.5</Point>
    </Line>
    <Line Pattern="Solid" Name="V73-6000">
      <Point>+273153.07+1290553.5/
+275214.02+1303052.03</Point>
    </Line>
    <Line Pattern="Solid" Name="V73-FL60">
      <Point>+275214.02+1303052.03/
+282150.97+1324502.31</Point>
    </Line>
    <Line Pattern="Solid" Name="V73-FL60">
      <Point>+282150.97+1324502.31/
+283501.96+1334850.94</Point>
    </Line>
    <Line Pattern="Solid" Name="V75-8000">
      <Point>+261230.71+1273834.31/
+261009.51+1275727.66</Point>
    </Line>
    <Line Pattern="Solid" Name="V75-8000">
      <Point>+261009.51+1275727.66/
+260739.47+1281709.81</Point>
    </Line>
    <Line Pattern="Solid" Name="V75-8000">
      <Point>+260739.47+1281709.81/
+260405.77+1284436.59</Point>
    </Line>
    <Line Pattern="Solid" Name="V75-FL180">
      <Point>+260405.77+1284436.59/
+255821.68+1292724.5</Point>
    </Line>
    <Line Pattern="Solid" Name="V75-8000">
      <Point>+255821.68+1292724.5/
+255334.95+1304240.03</Point>
    </Line>
    <Line Pattern="Solid" Name="V75-5000">
      <Point>+255334.95+1304240.03/
+255226.49+1305915.06</Point>
    </Line>
    <Line Pattern="Solid" Name="V75-3000">
      <Point>+255226.49+1305915.06/
+255203.25+1310446.63</Point>
    </Line>
    <Line Pattern="Solid" Name="V75-3000">
      <Point>+255203.25+1310446.63/
+255116.14+1311549.66</Point>
    </Line>
    <Line Pattern="Solid" Name="V75-FL150">
      <Point>+255116.14+1311549.66/
+262951.39+1331627.06</Point>
    </Line>
    <Line Pattern="Solid" Name="V75-FL60">
      <Point>+262951.39+1331627.06/
+264401.21+1340227.31</Point>
    </Line>
    <Line Pattern="Solid" Name="V90-3000">
      <Point>+244638.61+1251736.28/
+244232.32+1250554.81</Point>
    </Line>
    <Line Pattern="Solid" Name="V90-3000">
      <Point>+244232.32+1250554.81/
+243721.7+1245115.03</Point>
    </Line>
    <Line Pattern="Solid" Name="V90-3000">
      <Point>+243721.7+1245115.03/
+243621.79+1244825.94</Point>
    </Line>
    <Line Pattern="Solid" Name="V90-3000">
      <Point>+243621.79+1244825.94/
+242754.18+1242527.06</Point>
    </Line>
    <Line Pattern="Solid" Name="V90-4000">
      <Point>+242754.18+1242527.06/
+242345.64+1241416.63</Point>
    </Line>
    <Line Pattern="Solid" Name="V91-8000">
      <Point>+261230.71+1273834.31/
+260411.0+1272441.28</Point>
    </Line>
    <Line Pattern="Solid" Name="V91-8000">
      <Point>+260411.0+1272441.28/
+254437.98+1265227.0</Point>
    </Line>
    <Line Pattern="Solid" Name="V91-10000">
      <Point>+254437.98+1265227.0/
+253111.57+1263020.88</Point>
    </Line>
    <Line Pattern="Solid" Name="V91-10000">
      <Point>+253111.57+1263020.88/
+251644.96+1260632.88</Point>
    </Line>
    <Line Pattern="Solid" Name="V91-6000">
      <Point>+251644.96+1260632.88/
+250351.77+1254529.44</Point>
    </Line>
    <Line Pattern="Solid" Name="V91-3000">
      <Point>+250351.77+1254529.44/
+244638.61+1251736.28</Point>
    </Line>
        <Line Pattern="Solid" Name="OTR15-FL250">
      <Point>+343448.48+1433059.44/
+342830.49+1442926.59</Point>
    </Line>
    <Line Pattern="Solid" Name="OTR15">
      <Point>+342830.49+1442926.59/
+341748.84+1455946.75</Point>
    </Line>
    <Line Pattern="Solid" Name="OTR16-FL200">
      <Point>+343448.48+1433059.44/
+344356.21+1422004.75</Point>
    </Line>
    <Line Pattern="Solid" Name="OTR16-13000">
      <Point>+344356.21+1422004.75/
+344816.06+1414416.56</Point>
    </Line>
    <Line Pattern="Solid" Name="OTR1-FL200">
      <Point>+424402.27+1431313.66/
+421403.58+1453054.38</Point>
    </Line>
    <Line Pattern="Solid" Name="OTR1-FL200">
      <Point>+421403.58+1453054.38/
+415457.91+1465133.06</Point>
    </Line>
    <Line Pattern="Solid" Name="OTR30-FL210">
      <Point>+311512.51+1272252.78/
+293513.09+1254453.41</Point>
    </Line>
    <Line Pattern="Solid" Name="OTR7">
      <Point>+380621.66+1500000.0/
+371150.89+1453958.69</Point>
    </Line>
    <Line Pattern="Solid" Name="OTR2">
      <Point>+374859.19+1433222.88/
+354912.89+1423348.5</Point>
    </Line>
    <Line Pattern="Solid" Name="OTR5-FL250">
      <Point>+370206.88+1441527.47/
+371150.89+1453958.69</Point>
    </Line>
    <Line Pattern="Solid" Name="OTR5">
      <Point>+371150.89+1453958.69/
+390913.81+1494931.81</Point>
    </Line>
    <Line Pattern="Solid" Name="OTR3">
      <Point>+374859.19+1433222.88/
+381956.58+1453107.25</Point>
    </Line>
    <Line Pattern="Solid" Name="OTR9">
      <Point>+380621.66+1500000.0/
+360832.34+1452759.97</Point>
    </Line>
    <Line Pattern="Solid" Name="OTR1-FL200">
      <Point>+424402.27+1431313.66/
+421403.58+1453054.38</Point>
    </Line>
    <Line Pattern="Solid" Name="OTR1-FL200">
      <Point>+421403.58+1453054.38/
+415457.91+1465133.06</Point>
    </Line>
    <Line Pattern="Solid" Name="OTR10">
      <Point>+385422.7+1431340.78/
+354912.89+1423348.5</Point>
    </Line>
    <Line Pattern="Solid" Name="OTR13-FL200">
      <Point>+354912.89+1423348.5/
+351424.25+1434841.22</Point>
    </Line>
    <Line Pattern="Solid" Name="OTR13-FL250">
      <Point>+351424.25+1434841.22/
+351716.55+1445732.47</Point>
    </Line>
    <Line Pattern="Solid" Name="OTR13">
      <Point>+351716.55+1445732.47/
+351918.45+1455946.63</Point>
    </Line>
    <Line Pattern="Solid" Name="OTR20">
      <Point>+344816.06+1414416.56/
+342804.19+1415352.91</Point>
    </Line>
    <Line Pattern="Solid" Name="OTR20">
      <Point>+342804.19+1415352.91/
+335412.6+1420947.88</Point>
    </Line>
    <Line Pattern="Solid" Name="OTR25-FL250">
      <Point>+330651.66+1394718.53/
+325701.7+1383928.31</Point>
    </Line>
    <Line Pattern="Solid" Name="OTR25-FL250">
      <Point>+325701.7+1383928.31/
+325233.63+1381002.22</Point>
    </Line>
    <Line Pattern="Solid" Name="OTR25-FL250">
      <Point>+325233.63+1381002.22/
+322017.3+1361621.91</Point>
    </Line>
    <Line Pattern="Solid" Name="OTR27-FL240">
      <Point>+330651.66+1394718.53/
+323648.77+1383843.13</Point>
    </Line>
    <Line Pattern="Solid" Name="OTR19-FL150">
      <Point>+354912.89+1423348.5/
+344356.21+1422004.75</Point>
    </Line>
    <Line Pattern="Solid" Name="OTR19-FL200">
      <Point>+344356.21+1422004.75/
+335412.6+1420947.88</Point>
    </Line>
    <Line Pattern="Solid" Name="OTR17-FL250">
      <Point>+343448.48+1433059.44/
+340936.13+1441840.22</Point>
    </Line>
    <Line Pattern="Solid" Name="OTR17">
      <Point>+340936.13+1441840.22/
+331413.25+1455946.94</Point>
    </Line>
  </Map>
</Maps>