<?xml version="1.0" encoding="utf-8"?>
<Maps>
  <Map Type="System" Name="Airways_V_Fix" Priority="0" Center="+36.013056+137.993333">
    <Symbol Type="HollowTriangle">
      <Point>NOSLY</Point>
      <Point>NANNO</Point>
      <Point>OATIS</Point>
      <Point>KAGIS</Point>
      <Point>PUTER</Point>
      <Point>DOVIX</Point>
      <Point>ADNAP</Point>
      <Point>KALNA</Point>
      <Point>EMRON</Point>
      <Point>AVBET</Point>
      <Point>NANAC</Point>
      <Point>POROT</Point>
      <Point>LEPKI</Point>
      <Point>VACKY</Point>
      <Point>LAPIL</Point>
      <Point>SEALS</Point>
      <Point>SMOLT</Point>
      <Point>POVAL</Point>
      <Point>MORAY</Point>
      <Point>ESKOK</Point>
      <Point>SUNNS</Point>
      <Point>PIPIK</Point>
      <Point>FERAR</Point>
      <Point>ADKAK</Point>
      <Point>RENAU</Point>
      <Point>AKUBI</Point>
      <Point>GULEG</Point>
      <Point>TAPOP</Point>
      <Point>MAPDO</Point>
      <Point>ESBIS</Point>
      <Point>MIKES</Point>
      <Point>ALBAT</Point>
      <Point>HALON</Point>
      <Point>JAKAL</Point>
      <Point>GREEN</Point>
      <Point>FENIX</Point>
      <Point>JINGU</Point>
      <Point>KAZAN</Point>
      <Point>KOSHI</Point>
      <Point>JEDAI</Point>
      <Point>RUSAR</Point>
      <Point>AKVAS</Point>
      <Point>URUMA</Point>
      <Point>SAPET</Point>
      <Point>IGMON</Point>
      <Point>BULAN</Point>
      <Point>AKSUN</Point>
      <Point>ORISU</Point>
      <Point>LEDAX</Point>
      <Point>YOROI</Point>
      <Point>DAGDA</Point>
      <Point>NOGAK</Point>
      <Point>SAGOP</Point>
      <Point>TEGOD</Point>
      <Point>YOSHI</Point>
      <Point>BOLED</Point>
      <Point>TAXON</Point>
      <Point>MAKDA</Point>
      <Point>SABGU</Point>
      <Point>KEITH</Point>
      <Point>APELA</Point>
      <Point>ZAKRO</Point>
      <Point>OLSUB</Point>
      <Point>KAZSA</Point>
      <Point>TEMIP</Point>
      <Point>ISKID</Point>
      <Point>MAKRA</Point>
      <Point>SAZMA</Point>
      <Point>ENPAD</Point>
      <Point>HKC80DME</Point>
      <Point>OLSER</Point>
      <Point>BOMAP</Point>
      <Point>LEMEG</Point>
      <Point>ANOXA</Point>
      <Point>MEKAX</Point>
      <Point>HACHA</Point>
      <Point>BINID</Point>
      <Point>LEXUS</Point>
      <Point>OKUMA</Point>
      <Point>MAMIK</Point>
      <Point>ESPEK</Point>
      <Point>SAKON</Point>
      <Point>NIMOX</Point>
      <Point>BISIG</Point>
      <Point>RUGMA</Point>
      <Point>POTET</Point>
      <Point>BIGIT</Point>
      <Point>LESKA</Point>
      <Point>MELEN</Point>
      <Point>GUPTI</Point>
      <Point>POLAM</Point>
      <Point>LASOD</Point>
      <Point>PASRO</Point>
      <Point>PUGAL</Point>
      <Point>POXED</Point>
      <Point>ONASU</Point>
      <Point>BUBDO</Point>
      <Point>OLDUP</Point>
      <Point>DOVAG</Point>
      <Point>BIXAK</Point>
      <Point>AVLAS</Point>
      <Point>TUNTO</Point>
      <Point>GURAG</Point>
      <Point>GOMAR</Point>
      <Point>AZUKI</Point>
      <Point>ONIKU</Point>
      <Point>GOURA</Point>
      <Point>SAMDO</Point>
      <Point>OTOWA</Point>
      <Point>MAYON</Point>
      <Point>ASEDA</Point>
      <Point>MONPI</Point>
      <Point>LUMIN</Point>
      <Point>IGRAS</Point>
      <Point>ANIMO</Point>
      <Point>IGROD</Point>
      <Point>HOKKE</Point>
      <Point>KADBO</Point>
      <Point>TONIK</Point>
      <Point>UPDOB</Point>
      <Point>NITOT</Point>
      <Point>ATIGO</Point>
      <Point>KAZIK</Point>
      <Point>SADEK</Point>
      <Point>MAGMA</Point>
      <Point>MEVIN</Point>
      <Point>ATOTI</Point>
      <Point>BOLUT</Point>
      <Point>SALMI</Point>
      <Point>NURLI</Point>
      <Point>SABRI</Point>
      <Point>CADDY</Point>
      <Point>UKATA</Point>
      <Point>TOMOL</Point>
      <Point>VASKO</Point>
      <Point>OMLET</Point>
      <Point>MADOG</Point>
      <Point>HIROS</Point>
      <Point>JACKY</Point>
      <Point>QUEEN</Point>
      <Point>JOKER</Point>
      <Point>TEPPO</Point>
      <Point>ANREM</Point>
      <Point>SEPIA</Point>
      <Point>RURIK</Point>
      <Point>TUMGI</Point>
      <Point>YUWAN</Point>
      <Point>PINNE</Point>
      <Point>ODERI</Point>
      <Point>UBRAS</Point>
      <Point>BEGAD</Point>
      <Point>KAKNI</Point>
      <Point>SEGRO</Point>
      <Point>BEEBO</Point>
      <Point>RISBA</Point>
      <Point>INVOK</Point>
      <Point>BEETL</Point>
      <Point>OGORI</Point>
      <Point>MIZMA</Point>
      <Point>OSTEP</Point>
      <Point>OMUTA</Point>
      <Point>TAIME</Point>
      <Point>FUGEN</Point>
      <Point>HINAG</Point>
      <Point>SASIK</Point>
      <Point>SAPIS</Point>
      <Point>KINKO</Point>
      <Point>TOZAK</Point>
      <Point>ISMAD</Point>
      <Point>KAGYA</Point>
      <Point>LUKRA</Point>
      <Point>KALGU</Point>
      <Point>AGIKA</Point>
      <Point>MIMOD</Point>
      <Point>OLSAK</Point>
      <Point>HIDEK</Point>
      <Point>CANAI</Point>
      <Point>PAKDO</Point>
      <Point>IGURU</Point>
      <Point>BISIV</Point>
      <Point>SAPRA</Point>
      <Point>TRIKE</Point>
      <Point>OGAKI</Point>
      <Point>KANNA</Point>
      <Point>DAIEI</Point>
      <Point>DANJU</Point>
      <Point>LANAT</Point>
      <Point>AVGOK</Point>
      <Point>NISIN</Point>
      <Point>TAVIS</Point>
      <Point>CAYAH</Point>
      <Point>GTC40DME</Point>
      <Point>BASIN</Point>
      <Point>GLAXY</Point>
      <Point>SWAMP</Point>
      <Point>NODAN</Point>
      <Point>ASTER</Point>
      <Point>FINCH</Point>
      <Point>YONEX</Point>
      <Point>ELDAK</Point>
      <Point>GTC15DME</Point>
      <Point>NIPPI</Point>
      <Point>NOGAL</Point>
      <Point>NUBDA</Point>
      <Point>NIKON</Point>
      <Point>BEKEN</Point>
      <Point>OMOTO</Point>
      <Point>OPULO</Point>
      <Point>ONEMU</Point>
      <Point>MAKMU</Point>
      <Point>SALVA</Point>
      <Point>ADGOR</Point>
      <Point>SEDKU</Point>
      <Point>LILRA</Point>
      <Point>DASSY</Point>
      <Point>KABTO</Point>
      <Point>WKE30DME</Point>
      <Point>RUMOI</Point>
      <Point>SUIKA</Point>
      <Point>BEEBA</Point>
      <Point>KURIS</Point>
      <Point>MASHU</Point>
      <Point>RUGMO</Point>
      <Point>IBOSA</Point>
      <Point>NODUK</Point>
      <Point>ONUMI</Point>
      <Point>TOMAM</Point>
      <Point>MOIWA</Point>
      <Point>SPE39DME</Point>
      <Point>TEKKO</Point>
      <Point>HWE35DME</Point>
      <Point>HWE25DME</Point>
      <Point>UPLOK</Point>
      <Point>HWE8DME</Point>
      <Point>SAKIN</Point>
      <Point>TBE30DME</Point>
      <Point>TBE10DME</Point>
      <Point>GINGA</Point>
      <Point>OSROB</Point>
      <Point>RUNPA</Point>
      <Point>BISEI</Point>
      <Point>BOKSO</Point>
      <Point>KABRU</Point>
      <Point>RAKNO</Point>
      <Point>TSUKA</Point>
      <Point>TBE20DME</Point>
      <Point>AWE5DME</Point>
      <Point>ASIBE</Point>
      <Point>SAROM</Point>
      <Point>LUBEK</Point>
      <Point>IKORU</Point>
      <Point>MAIKA</Point>
      <Point>ESASI</Point>
      <Point>PATRA</Point>
      <Point>WAPPA</Point>
      <Point>SAMBO</Point>
      <Point>SIRAO</Point>
      <Point>KAMDO</Point>
      <Point>TIKYU</Point>
      <Point>OHMAR</Point>
      <Point>YACHI</Point>
      <Point>MRE21DME</Point>
      <Point>HINAI</Point>
      <Point>MRE32DME</Point>
      <Point>MRE51DME</Point>
      <Point>MONAI</Point>
      <Point>KALON</Point>
      <Point>AKAGI</Point>
      <Point>ITTOH</Point>
      <Point>MIKKA</Point>
      <Point>NIVIL</Point>
      <Point>GYOGN</Point>
      <Point>SANGO</Point>
      <Point>TOBBY</Point>
      <Point>OBCHI</Point>
      <Point>CAVES</Point>
      <Point>HERON</Point>
      <Point>RITTO</Point>
      <Point>BIWWA</Point>
      <Point>ADGUN</Point>
      <Point>MIDER</Point>
      <Point>ARIMA</Point>
      <Point>BUMER</Point>
      <Point>AYAYA</Point>
      <Point>OLIVE</Point>
      <Point>WASYU</Point>
      <Point>MASKU</Point>
      <Point>MARCO</Point>
      <Point>KATTA</Point>
      <Point>ONGHA</Point>
      <Point>DOZEN</Point>
      <Point>KYOKA</Point>
      <Point>MIYOS</Point>
      <Point>ESANN</Point>
      <Point>TSURU</Point>
      <Point>OBAKO</Point>
      <Point>ATUMI</Point>
      <Point>BUDOH</Point>
      <Point>INAHO</Point>
      <Point>TERAD</Point>
      <Point>HAKBA</Point>
      <Point>GORYU</Point>
      <Point>KMC75DME</Point>
      <Point>IKUJI</Point>
      <Point>URUSI</Point>
      <Point>IMIZU</Point>
      <Point>OYABE</Point>
      <Point>TAXIR</Point>
      <Point>HIBAR</Point>
      <Point>BYOBU</Point>
      <Point>MAGGY</Point>
      <Point>YAYOI</Point>
      <Point>SEBGA</Point>
      <Point>KENSI</Point>
      <Point>AWASI</Point>
      <Point>MAGNA</Point>
      <Point>NAEBA</Point>
      <Point>AZUMI</Point>
      <Point>KCC75DME</Point>
      <Point>KCC55DME</Point>
      <Point>OWARI</Point>
      <Point>CHOKA</Point>
      <Point>MIKUM</Point>
      <Point>MAMRO</Point>
      <Point>HPE15DME</Point>
      <Point>MORIO</Point>
      <Point>HPE10DME</Point>
      <Point>HPE12DME</Point>
      <Point>HANKA</Point>
      <Point>GTC20DME</Point>
      <Point>CRANE</Point>
      <Point>SAPEM</Point>
      <Point>AREPO</Point>
      <Point>OLNAS</Point>
      <Point>PALVA</Point>
      <Point>RUNID</Point>
      <Point>LAVOT</Point>
      <Point>YTE15DME</Point>
      <Point>KISEI</Point>
      <Point>PADOC</Point>
      <Point>TOSAR</Point>
      <Point>RYOMA</Point>
      <Point>KRE25DME</Point>
      <Point>KOMPI</Point>
      <Point>SAKAI</Point>
      <Point>MALTA</Point>
      <Point>HEIGU</Point>
      <Point>WOODY</Point>
      <Point>IGLAT</Point>
      <Point>ASONO</Point>
      <Point>KAZMA</Point>
      <Point>TUJUN</Point>
      <Point>ESNAL</Point>
      <Point>IRPIN</Point>
      <Point>MILEP</Point>
      <Point>OSETO</Point>
      <Point>AGRIT</Point>
      <Point>CARCO</Point>
      <Point>KMC25DME</Point>
      <Point>OHNNO</Point>
      <Point>HACHI</Point>
      <Point>MINOU</Point>
      <Point>SHIMA</Point>
      <Point>AYANO</Point>
      <Point>OBOKE</Point>
      <Point>POPPY</Point>
      <Point>SUSAK</Point>
      <Point>OKITU</Point>
      <Point>BARBA</Point>
      <Point>ORAMO</Point>
      <Point>KROMA</Point>
      <Point>HIGOH</Point>
      <Point>ROKKO</Point>
      <Point>SANDA</Point>
      <Point>IZUMI</Point>
      <Point>IYOKA</Point>
      <Point>OSAMU</Point>
      <Point>NORAN</Point>
      <Point>ROCKY</Point>
      <Point>OMOGO</Point>
      <Point>HAPPO</Point>
      <Point>MBE10DME</Point>
      <Point>TENRU</Point>
      <Point>DEMPA</Point>
      <Point>GURAR</Point>
      <Point>SABAN</Point>
      <Point>POMAS</Point>
      <Point>DONAN</Point>
      <Point>TAMAK</Point>
      <Point>DELTA</Point>
      <Point>ESKOB</Point>
      <Point>NANJO</Point>
      <Point>BUICK</Point>
      <Point>TOPAT</Point>
      <Point>HALMA</Point>
      <Point>CORCO</Point>
      <Point>WHALE</Point>
      <Point>NIRAI</Point>
      <Point>SHUJI</Point>
      <Point>UMAKI</Point>
      <Point>KAMPU</Point>
      <Point>GUSUK</Point>
      <Point>OLVAL</Point>
      <Point>DODGE</Point>
      <Point>RYOSA</Point>
      <Point>PAYAO</Point>
      <Point>HIRAR</Point>
    </Symbol>
    <Symbol Type="Hexagon">
      <Point>KEC</Point>
      <Point>SUC</Point>
      <Point>HKC</Point>
      <Point>RSE</Point>
      <Point>IKE</Point>
      <Point>ONC</Point>
      <Point>NHC</Point>
      <Point>MOE</Point>
      <Point>MDE</Point>
      <Point>FUE</Point>
      <Point>DGC</Point>
      <Point>WKE</Point>
      <Point>XZE</Point>
      <Point>AWE</Point>
      <Point>MJC</Point>
      <Point>XAC</Point>
      <Point>TGE</Point>
      <Point>AME</Point>
      <Point>TBE</Point>
      <Point>MVE</Point>
      <Point>KCC</Point>
      <Point>YME</Point>
      <Point>TRE</Point>
      <Point>YGE</Point>
      <Point>GTC</Point>
      <Point>IXE</Point>
      <Point>SDE</Point>
      <Point>CHE</Point>
      <Point>NSE</Point>
      <Point>TCE</Point>
      <Point>SPE</Point>
      <Point>HWE</Point>
      <Point>OBE</Point>
      <Point>ORE</Point>
      <Point>MIS</Point>
      <Point>MRE</Point>
      <Point>YTE</Point>
      <Point>SYE</Point>
      <Point>SZE</Point>
      <Point>CBE</Point>
      <Point>HCE</Point>
      <Point>MQE</Point>
      <Point>FKE</Point>
      <Point>ITE</Point>
      <Point>OYE</Point>
      <Point>HGE</Point>
      <Point>UBE</Point>
      <Point>SWE</Point>
      <Point>OIE</Point>
      <Point>KMC</Point>
      <Point>UWE</Point>
      <Point>HPE</Point>
      <Point>KRE</Point>
      <Point>KTE</Point>
      <Point>MYE</Point>
      <Point>TFE</Point>
      <Point>KUE</Point>
      <Point>OLE</Point>
      <Point>MBE</Point>
      <Point>IGE</Point>
    </Symbol>
    <Symbol Type="HollowSquare">
      <Point>KEC</Point>
      <Point>SUC</Point>
      <Point>HKC</Point>
      <Point>RSE</Point>
      <Point>IKE</Point>
      <Point>ONC</Point>
      <Point>NHC</Point>
      <Point>MOE</Point>
      <Point>MDE</Point>
      <Point>FUE</Point>
      <Point>DGC</Point>
      <Point>WKE</Point>
      <Point>XZE</Point>
      <Point>AWE</Point>
      <Point>MJC</Point>
      <Point>XAC</Point>
      <Point>TGE</Point>
      <Point>AME</Point>
      <Point>TBE</Point>
      <Point>MVE</Point>
      <Point>KCC</Point>
      <Point>YME</Point>
      <Point>TRE</Point>
      <Point>YGE</Point>
      <Point>GTC</Point>
      <Point>IXE</Point>
      <Point>SDE</Point>
      <Point>CHE</Point>
      <Point>NSE</Point>
      <Point>TCE</Point>
      <Point>SPE</Point>
      <Point>HWE</Point>
      <Point>OBE</Point>
      <Point>ORE</Point>
      <Point>MIS</Point>
      <Point>MRE</Point>
      <Point>YTE</Point>
      <Point>SYE</Point>
      <Point>SZE</Point>
      <Point>CBE</Point>
      <Point>HCE</Point>
      <Point>MQE</Point>
      <Point>FKE</Point>
      <Point>ITE</Point>
      <Point>OYE</Point>
      <Point>HGE</Point>
      <Point>UBE</Point>
      <Point>SWE</Point>
      <Point>OIE</Point>
      <Point>KMC</Point>
      <Point>UWE</Point>
      <Point>HPE</Point>
      <Point>KRE</Point>
      <Point>KTE</Point>
      <Point>MYE</Point>
      <Point>TFE</Point>
      <Point>KUE</Point>
      <Point>OLE</Point>
      <Point>MBE</Point>
      <Point>IGE</Point>
    </Symbol>
  </Map>
  <Map Type="System" Name="Airways_V_Label" Priority="0" Center="+36.013056+137.993333">
    <Symbol Type="HollowTriangle">
      <Point>NOSLY</Point>
      <Point>NANNO</Point>
      <Point>OATIS</Point>
      <Point>KAGIS</Point>
      <Point>PUTER</Point>
      <Point>DOVIX</Point>
      <Point>ADNAP</Point>
      <Point>KALNA</Point>
      <Point>EMRON</Point>
      <Point>AVBET</Point>
      <Point>NANAC</Point>
      <Point>POROT</Point>
      <Point>LEPKI</Point>
      <Point>VACKY</Point>
      <Point>LAPIL</Point>
      <Point>SEALS</Point>
      <Point>SMOLT</Point>
      <Point>POVAL</Point>
      <Point>MORAY</Point>
      <Point>ESKOK</Point>
      <Point>SUNNS</Point>
      <Point>PIPIK</Point>
      <Point>FERAR</Point>
      <Point>ADKAK</Point>
      <Point>RENAU</Point>
      <Point>AKUBI</Point>
      <Point>GULEG</Point>
      <Point>TAPOP</Point>
      <Point>MAPDO</Point>
      <Point>ESBIS</Point>
      <Point>MIKES</Point>
      <Point>ALBAT</Point>
      <Point>HALON</Point>
      <Point>JAKAL</Point>
      <Point>GREEN</Point>
      <Point>FENIX</Point>
      <Point>JINGU</Point>
      <Point>KAZAN</Point>
      <Point>KOSHI</Point>
      <Point>JEDAI</Point>
      <Point>RUSAR</Point>
      <Point>AKVAS</Point>
      <Point>URUMA</Point>
      <Point>SAPET</Point>
      <Point>IGMON</Point>
      <Point>BULAN</Point>
      <Point>AKSUN</Point>
      <Point>ORISU</Point>
      <Point>LEDAX</Point>
      <Point>YOROI</Point>
      <Point>DAGDA</Point>
      <Point>NOGAK</Point>
      <Point>SAGOP</Point>
      <Point>TEGOD</Point>
      <Point>YOSHI</Point>
      <Point>BOLED</Point>
      <Point>TAXON</Point>
      <Point>MAKDA</Point>
      <Point>SABGU</Point>
      <Point>KEITH</Point>
      <Point>APELA</Point>
      <Point>ZAKRO</Point>
      <Point>OLSUB</Point>
      <Point>KAZSA</Point>
      <Point>TEMIP</Point>
      <Point>ISKID</Point>
      <Point>MAKRA</Point>
      <Point>SAZMA</Point>
      <Point>ENPAD</Point>
      <Point>HKC80DME</Point>
      <Point>OLSER</Point>
      <Point>BOMAP</Point>
      <Point>LEMEG</Point>
      <Point>ANOXA</Point>
      <Point>MEKAX</Point>
      <Point>HACHA</Point>
      <Point>BINID</Point>
      <Point>LEXUS</Point>
      <Point>OKUMA</Point>
      <Point>MAMIK</Point>
      <Point>ESPEK</Point>
      <Point>SAKON</Point>
      <Point>NIMOX</Point>
      <Point>BISIG</Point>
      <Point>RUGMA</Point>
      <Point>POTET</Point>
      <Point>BIGIT</Point>
      <Point>LESKA</Point>
      <Point>MELEN</Point>
      <Point>GUPTI</Point>
      <Point>POLAM</Point>
      <Point>LASOD</Point>
      <Point>PASRO</Point>
      <Point>PUGAL</Point>
      <Point>POXED</Point>
      <Point>ONASU</Point>
      <Point>BUBDO</Point>
      <Point>OLDUP</Point>
      <Point>DOVAG</Point>
      <Point>BIXAK</Point>
      <Point>AVLAS</Point>
      <Point>TUNTO</Point>
      <Point>GURAG</Point>
      <Point>GOMAR</Point>
      <Point>AZUKI</Point>
      <Point>ONIKU</Point>
      <Point>GOURA</Point>
      <Point>SAMDO</Point>
      <Point>OTOWA</Point>
      <Point>MAYON</Point>
      <Point>ASEDA</Point>
      <Point>MONPI</Point>
      <Point>LUMIN</Point>
      <Point>IGRAS</Point>
      <Point>ANIMO</Point>
      <Point>IGROD</Point>
      <Point>HOKKE</Point>
      <Point>KADBO</Point>
      <Point>TONIK</Point>
      <Point>UPDOB</Point>
      <Point>NITOT</Point>
      <Point>ATIGO</Point>
      <Point>KAZIK</Point>
      <Point>SADEK</Point>
      <Point>MAGMA</Point>
      <Point>MEVIN</Point>
      <Point>ATOTI</Point>
      <Point>BOLUT</Point>
      <Point>SALMI</Point>
      <Point>NURLI</Point>
      <Point>SABRI</Point>
      <Point>CADDY</Point>
      <Point>UKATA</Point>
      <Point>TOMOL</Point>
      <Point>VASKO</Point>
      <Point>OMLET</Point>
      <Point>MADOG</Point>
      <Point>HIROS</Point>
      <Point>JACKY</Point>
      <Point>QUEEN</Point>
      <Point>JOKER</Point>
      <Point>TEPPO</Point>
      <Point>ANREM</Point>
      <Point>SEPIA</Point>
      <Point>RURIK</Point>
      <Point>TUMGI</Point>
      <Point>YUWAN</Point>
      <Point>PINNE</Point>
      <Point>ODERI</Point>
      <Point>UBRAS</Point>
      <Point>BEGAD</Point>
      <Point>KAKNI</Point>
      <Point>SEGRO</Point>
      <Point>BEEBO</Point>
      <Point>RISBA</Point>
      <Point>INVOK</Point>
      <Point>BEETL</Point>
      <Point>OGORI</Point>
      <Point>MIZMA</Point>
      <Point>OSTEP</Point>
      <Point>OMUTA</Point>
      <Point>TAIME</Point>
      <Point>FUGEN</Point>
      <Point>HINAG</Point>
      <Point>SASIK</Point>
      <Point>SAPIS</Point>
      <Point>KINKO</Point>
      <Point>TOZAK</Point>
      <Point>ISMAD</Point>
      <Point>KAGYA</Point>
      <Point>LUKRA</Point>
      <Point>KALGU</Point>
      <Point>AGIKA</Point>
      <Point>MIMOD</Point>
      <Point>OLSAK</Point>
      <Point>HIDEK</Point>
      <Point>CANAI</Point>
      <Point>PAKDO</Point>
      <Point>IGURU</Point>
      <Point>BISIV</Point>
      <Point>SAPRA</Point>
      <Point>TRIKE</Point>
      <Point>OGAKI</Point>
      <Point>KANNA</Point>
      <Point>DAIEI</Point>
      <Point>DANJU</Point>
      <Point>LANAT</Point>
      <Point>AVGOK</Point>
      <Point>NISIN</Point>
      <Point>TAVIS</Point>
      <Point>CAYAH</Point>
      <Point>GTC40DME</Point>
      <Point>BASIN</Point>
      <Point>GLAXY</Point>
      <Point>SWAMP</Point>
      <Point>NODAN</Point>
      <Point>ASTER</Point>
      <Point>FINCH</Point>
      <Point>YONEX</Point>
      <Point>ELDAK</Point>
      <Point>GTC15DME</Point>
      <Point>NIPPI</Point>
      <Point>NOGAL</Point>
      <Point>NUBDA</Point>
      <Point>NIKON</Point>
      <Point>BEKEN</Point>
      <Point>OMOTO</Point>
      <Point>OPULO</Point>
      <Point>ONEMU</Point>
      <Point>MAKMU</Point>
      <Point>SALVA</Point>
      <Point>ADGOR</Point>
      <Point>SEDKU</Point>
      <Point>LILRA</Point>
      <Point>DASSY</Point>
      <Point>KABTO</Point>
      <Point>WKE30DME</Point>
      <Point>RUMOI</Point>
      <Point>SUIKA</Point>
      <Point>BEEBA</Point>
      <Point>KURIS</Point>
      <Point>MASHU</Point>
      <Point>RUGMO</Point>
      <Point>IBOSA</Point>
      <Point>NODUK</Point>
      <Point>ONUMI</Point>
      <Point>TOMAM</Point>
      <Point>MOIWA</Point>
      <Point>SPE39DME</Point>
      <Point>TEKKO</Point>
      <Point>HWE35DME</Point>
      <Point>HWE25DME</Point>
      <Point>UPLOK</Point>
      <Point>HWE8DME</Point>
      <Point>SAKIN</Point>
      <Point>TBE30DME</Point>
      <Point>TBE10DME</Point>
      <Point>GINGA</Point>
      <Point>OSROB</Point>
      <Point>RUNPA</Point>
      <Point>BISEI</Point>
      <Point>BOKSO</Point>
      <Point>KABRU</Point>
      <Point>RAKNO</Point>
      <Point>TSUKA</Point>
      <Point>TBE20DME</Point>
      <Point>AWE5DME</Point>
      <Point>ASIBE</Point>
      <Point>SAROM</Point>
      <Point>LUBEK</Point>
      <Point>IKORU</Point>
      <Point>MAIKA</Point>
      <Point>ESASI</Point>
      <Point>PATRA</Point>
      <Point>WAPPA</Point>
      <Point>SAMBO</Point>
      <Point>SIRAO</Point>
      <Point>KAMDO</Point>
      <Point>TIKYU</Point>
      <Point>OHMAR</Point>
      <Point>YACHI</Point>
      <Point>MRE21DME</Point>
      <Point>HINAI</Point>
      <Point>MRE32DME</Point>
      <Point>MRE51DME</Point>
      <Point>MONAI</Point>
      <Point>KALON</Point>
      <Point>AKAGI</Point>
      <Point>ITTOH</Point>
      <Point>MIKKA</Point>
      <Point>NIVIL</Point>
      <Point>GYOGN</Point>
      <Point>SANGO</Point>
      <Point>TOBBY</Point>
      <Point>OBCHI</Point>
      <Point>CAVES</Point>
      <Point>HERON</Point>
      <Point>RITTO</Point>
      <Point>BIWWA</Point>
      <Point>ADGUN</Point>
      <Point>MIDER</Point>
      <Point>ARIMA</Point>
      <Point>BUMER</Point>
      <Point>AYAYA</Point>
      <Point>OLIVE</Point>
      <Point>WASYU</Point>
      <Point>MASKU</Point>
      <Point>MARCO</Point>
      <Point>KATTA</Point>
      <Point>ONGHA</Point>
      <Point>DOZEN</Point>
      <Point>KYOKA</Point>
      <Point>MIYOS</Point>
      <Point>ESANN</Point>
      <Point>TSURU</Point>
      <Point>OBAKO</Point>
      <Point>ATUMI</Point>
      <Point>BUDOH</Point>
      <Point>INAHO</Point>
      <Point>TERAD</Point>
      <Point>HAKBA</Point>
      <Point>GORYU</Point>
      <Point>KMC75DME</Point>
      <Point>IKUJI</Point>
      <Point>URUSI</Point>
      <Point>IMIZU</Point>
      <Point>OYABE</Point>
      <Point>TAXIR</Point>
      <Point>HIBAR</Point>
      <Point>BYOBU</Point>
      <Point>MAGGY</Point>
      <Point>YAYOI</Point>
      <Point>SEBGA</Point>
      <Point>KENSI</Point>
      <Point>AWASI</Point>
      <Point>MAGNA</Point>
      <Point>NAEBA</Point>
      <Point>AZUMI</Point>
      <Point>KCC75DME</Point>
      <Point>KCC55DME</Point>
      <Point>OWARI</Point>
      <Point>CHOKA</Point>
      <Point>MIKUM</Point>
      <Point>MAMRO</Point>
      <Point>HPE15DME</Point>
      <Point>MORIO</Point>
      <Point>HPE10DME</Point>
      <Point>HPE12DME</Point>
      <Point>HANKA</Point>
      <Point>GTC20DME</Point>
      <Point>CRANE</Point>
      <Point>SAPEM</Point>
      <Point>AREPO</Point>
      <Point>OLNAS</Point>
      <Point>PALVA</Point>
      <Point>RUNID</Point>
      <Point>LAVOT</Point>
      <Point>YTE15DME</Point>
      <Point>KISEI</Point>
      <Point>PADOC</Point>
      <Point>TOSAR</Point>
      <Point>RYOMA</Point>
      <Point>KRE25DME</Point>
      <Point>KOMPI</Point>
      <Point>SAKAI</Point>
      <Point>MALTA</Point>
      <Point>HEIGU</Point>
      <Point>WOODY</Point>
      <Point>IGLAT</Point>
      <Point>ASONO</Point>
      <Point>KAZMA</Point>
      <Point>TUJUN</Point>
      <Point>ESNAL</Point>
      <Point>IRPIN</Point>
      <Point>MILEP</Point>
      <Point>OSETO</Point>
      <Point>AGRIT</Point>
      <Point>CARCO</Point>
      <Point>KMC25DME</Point>
      <Point>OHNNO</Point>
      <Point>HACHI</Point>
      <Point>MINOU</Point>
      <Point>SHIMA</Point>
      <Point>AYANO</Point>
      <Point>OBOKE</Point>
      <Point>POPPY</Point>
      <Point>SUSAK</Point>
      <Point>OKITU</Point>
      <Point>BARBA</Point>
      <Point>ORAMO</Point>
      <Point>KROMA</Point>
      <Point>HIGOH</Point>
      <Point>ROKKO</Point>
      <Point>SANDA</Point>
      <Point>IZUMI</Point>
      <Point>IYOKA</Point>
      <Point>OSAMU</Point>
      <Point>NORAN</Point>
      <Point>ROCKY</Point>
      <Point>OMOGO</Point>
      <Point>HAPPO</Point>
      <Point>MBE10DME</Point>
      <Point>TENRU</Point>
      <Point>DEMPA</Point>
      <Point>GURAR</Point>
      <Point>SABAN</Point>
      <Point>POMAS</Point>
      <Point>DONAN</Point>
      <Point>TAMAK</Point>
      <Point>DELTA</Point>
      <Point>ESKOB</Point>
      <Point>NANJO</Point>
      <Point>BUICK</Point>
      <Point>TOPAT</Point>
      <Point>HALMA</Point>
      <Point>CORCO</Point>
      <Point>WHALE</Point>
      <Point>NIRAI</Point>
      <Point>SHUJI</Point>
      <Point>UMAKI</Point>
      <Point>KAMPU</Point>
      <Point>GUSUK</Point>
      <Point>OLVAL</Point>
      <Point>DODGE</Point>
      <Point>RYOSA</Point>
      <Point>PAYAO</Point>
      <Point>HIRAR</Point>
    </Symbol>
    <Symbol Type="Hexagon">
      <Point>KEC</Point>
      <Point>SUC</Point>
      <Point>HKC</Point>
      <Point>RSE</Point>
      <Point>IKE</Point>
      <Point>ONC</Point>
      <Point>NHC</Point>
      <Point>MOE</Point>
      <Point>MDE</Point>
      <Point>FUE</Point>
      <Point>DGC</Point>
      <Point>WKE</Point>
      <Point>XZE</Point>
      <Point>AWE</Point>
      <Point>MJC</Point>
      <Point>XAC</Point>
      <Point>TGE</Point>
      <Point>AME</Point>
      <Point>TBE</Point>
      <Point>MVE</Point>
      <Point>KCC</Point>
      <Point>YME</Point>
      <Point>TRE</Point>
      <Point>YGE</Point>
      <Point>GTC</Point>
      <Point>IXE</Point>
      <Point>SDE</Point>
      <Point>CHE</Point>
      <Point>NSE</Point>
      <Point>TCE</Point>
      <Point>SPE</Point>
      <Point>HWE</Point>
      <Point>OBE</Point>
      <Point>ORE</Point>
      <Point>MIS</Point>
      <Point>MRE</Point>
      <Point>YTE</Point>
      <Point>SYE</Point>
      <Point>SZE</Point>
      <Point>CBE</Point>
      <Point>HCE</Point>
      <Point>MQE</Point>
      <Point>FKE</Point>
      <Point>ITE</Point>
      <Point>OYE</Point>
      <Point>HGE</Point>
      <Point>UBE</Point>
      <Point>SWE</Point>
      <Point>OIE</Point>
      <Point>KMC</Point>
      <Point>UWE</Point>
      <Point>HPE</Point>
      <Point>KRE</Point>
      <Point>KTE</Point>
      <Point>MYE</Point>
      <Point>TFE</Point>
      <Point>KUE</Point>
      <Point>OLE</Point>
      <Point>MBE</Point>
      <Point>IGE</Point>
    </Symbol>
    <Symbol Type="HollowSquare">
      <Point>KEC</Point>
      <Point>SUC</Point>
      <Point>HKC</Point>
      <Point>RSE</Point>
      <Point>IKE</Point>
      <Point>ONC</Point>
      <Point>NHC</Point>
      <Point>MOE</Point>
      <Point>MDE</Point>
      <Point>FUE</Point>
      <Point>DGC</Point>
      <Point>WKE</Point>
      <Point>XZE</Point>
      <Point>AWE</Point>
      <Point>MJC</Point>
      <Point>XAC</Point>
      <Point>TGE</Point>
      <Point>AME</Point>
      <Point>TBE</Point>
      <Point>MVE</Point>
      <Point>KCC</Point>
      <Point>YME</Point>
      <Point>TRE</Point>
      <Point>YGE</Point>
      <Point>GTC</Point>
      <Point>IXE</Point>
      <Point>SDE</Point>
      <Point>CHE</Point>
      <Point>NSE</Point>
      <Point>TCE</Point>
      <Point>SPE</Point>
      <Point>HWE</Point>
      <Point>OBE</Point>
      <Point>ORE</Point>
      <Point>MIS</Point>
      <Point>MRE</Point>
      <Point>YTE</Point>
      <Point>SYE</Point>
      <Point>SZE</Point>
      <Point>CBE</Point>
      <Point>HCE</Point>
      <Point>MQE</Point>
      <Point>FKE</Point>
      <Point>ITE</Point>
      <Point>OYE</Point>
      <Point>HGE</Point>
      <Point>UBE</Point>
      <Point>SWE</Point>
      <Point>OIE</Point>
      <Point>KMC</Point>
      <Point>UWE</Point>
      <Point>HPE</Point>
      <Point>KRE</Point>
      <Point>KTE</Point>
      <Point>MYE</Point>
      <Point>TFE</Point>
      <Point>KUE</Point>
      <Point>OLE</Point>
      <Point>MBE</Point>
      <Point>IGE</Point>
    </Symbol>
    <Label>
      <Point>KEC</Point>
      <Point>ALBAT</Point>
      <Point>HALON</Point>
      <Point>JAKAL</Point>
      <Point>GREEN</Point>
      <Point>SUC</Point>
      <Point>FENIX</Point>
      <Point>JINGU</Point>
      <Point>HKC</Point>
      <Point>KAZAN</Point>
      <Point>KOSHI</Point>
      <Point>JEDAI</Point>
      <Point>RUSAR</Point>
      <Point>AKVAS</Point>
      <Point>URUMA</Point>
      <Point>SAPET</Point>
      <Point>IGMON</Point>
      <Point>BULAN</Point>
      <Point>AKSUN</Point>
      <Point>ORISU</Point>
      <Point>RSE</Point>
      <Point>LEDAX</Point>
      <Point>YOROI</Point>
      <Point>DAGDA</Point>
      <Point>NOGAK</Point>
      <Point>SAGOP</Point>
      <Point>TEGOD</Point>
      <Point>YOSHI</Point>
      <Point>MAPDO</Point>
      <Point>BOLED</Point>
      <Point>TAXON</Point>
      <Point>MAKDA</Point>
      <Point>SABGU</Point>
      <Point>KEITH</Point>
      <Point>APELA</Point>
      <Point>ZAKRO</Point>
      <Point>IKE</Point>
      <Point>OLSUB</Point>
      <Point>KAZSA</Point>
      <Point>TEMIP</Point>
      <Point>ISKID</Point>
      <Point>MAKRA</Point>
      <Point>SAZMA</Point>
      <Point>ENPAD</Point>
      <Point>HKC80DME</Point>
      <Point>OLSER</Point>
      <Point>BOMAP</Point>
      <Point>LEMEG</Point>
      <Point>ANOXA</Point>
      <Point>MEKAX</Point>
      <Point>HACHA</Point>
      <Point>BINID</Point>
      <Point>ONC</Point>
      <Point>LEXUS</Point>
      <Point>OKUMA</Point>
      <Point>NHC</Point>
      <Point>MAMIK</Point>
      <Point>ESPEK</Point>
      <Point>SAKON</Point>
      <Point>NIMOX</Point>
      <Point>BISIG</Point>
      <Point>RUGMA</Point>
      <Point>POTET</Point>
      <Point>BIGIT</Point>
      <Point>ESBIS</Point>
      <Point>LESKA</Point>
      <Point>MELEN</Point>
      <Point>GUPTI</Point>
      <Point>POLAM</Point>
      <Point>LASOD</Point>
      <Point>PASRO</Point>
      <Point>PUGAL</Point>
      <Point>POXED</Point>
      <Point>PUTER</Point>
      <Point>DOVIX</Point>
      <Point>POROT</Point>
      <Point>KAGIS</Point>
      <Point>ONASU</Point>
      <Point>MOE</Point>
      <Point>AKUBI</Point>
      <Point>BUBDO</Point>
      <Point>OLDUP</Point>
      <Point>DOVAG</Point>
      <Point>BIXAK</Point>
      <Point>MDE</Point>
      <Point>AVLAS</Point>
      <Point>TUNTO</Point>
      <Point>GURAG</Point>
      <Point>FUE</Point>
      <Point>GOMAR</Point>
      <Point>AZUKI</Point>
      <Point>ONIKU</Point>
      <Point>DGC</Point>
      <Point>GOURA</Point>
      <Point>SAMDO</Point>
      <Point>OTOWA</Point>
      <Point>MAYON</Point>
      <Point>TAPOP</Point>
      <Point>ASEDA</Point>
      <Point>MONPI</Point>
      <Point>LUMIN</Point>
      <Point>WKE</Point>
      <Point>IGRAS</Point>
      <Point>XZE</Point>
      <Point>ANIMO</Point>
      <Point>AWE</Point>
      <Point>IGROD</Point>
      <Point>HOKKE</Point>
      <Point>KADBO</Point>
      <Point>TONIK</Point>
      <Point>UPDOB</Point>
      <Point>NITOT</Point>
      <Point>ATIGO</Point>
      <Point>MJC</Point>
      <Point>KAZIK</Point>
      <Point>SADEK</Point>
      <Point>MAGMA</Point>
      <Point>MEVIN</Point>
      <Point>ATOTI</Point>
      <Point>BOLUT</Point>
      <Point>SALMI</Point>
      <Point>XAC</Point>
      <Point>NURLI</Point>
      <Point>SABRI</Point>
      <Point>CADDY</Point>
      <Point>UKATA</Point>
      <Point>TOMOL</Point>
      <Point>VASKO</Point>
      <Point>OMLET</Point>
      <Point>MADOG</Point>
      <Point>HIROS</Point>
      <Point>JACKY</Point>
      <Point>QUEEN</Point>
      <Point>JOKER</Point>
      <Point>TEPPO</Point>
      <Point>TGE</Point>
      <Point>ANREM</Point>
      <Point>SEPIA</Point>
      <Point>RURIK</Point>
      <Point>TUMGI</Point>
      <Point>AME</Point>
      <Point>YUWAN</Point>
      <Point>PINNE</Point>
      <Point>ODERI</Point>
      <Point>UBRAS</Point>
      <Point>TBE</Point>
      <Point>ADKAK</Point>
      <Point>BEGAD</Point>
      <Point>KAKNI</Point>
      <Point>SEGRO</Point>
      <Point>BEEBO</Point>
      <Point>RISBA</Point>
      <Point>INVOK</Point>
      <Point>BEETL</Point>
      <Point>OGORI</Point>
      <Point>MIZMA</Point>
      <Point>OSTEP</Point>
      <Point>OMUTA</Point>
      <Point>TAIME</Point>
      <Point>FUGEN</Point>
      <Point>HINAG</Point>
      <Point>SASIK</Point>
      <Point>SAPIS</Point>
      <Point>KINKO</Point>
      <Point>TOZAK</Point>
      <Point>ISMAD</Point>
      <Point>KAGYA</Point>
      <Point>LUKRA</Point>
      <Point>KALGU</Point>
      <Point>AGIKA</Point>
      <Point>MIMOD</Point>
      <Point>OLSAK</Point>
      <Point>HIDEK</Point>
      <Point>CANAI</Point>
      <Point>PAKDO</Point>
      <Point>IGURU</Point>
      <Point>BISIV</Point>
      <Point>MVE</Point>
      <Point>SAPRA</Point>
      <Point>TRIKE</Point>
      <Point>KCC</Point>
      <Point>OGAKI</Point>
      <Point>YME</Point>
      <Point>KANNA</Point>
      <Point>TRE</Point>
      <Point>DAIEI</Point>
      <Point>YGE</Point>
      <Point>DANJU</Point>
      <Point>LANAT</Point>
      <Point>AVGOK</Point>
      <Point>NISIN</Point>
      <Point>TAVIS</Point>
      <Point>CAYAH</Point>
      <Point>GTC40DME</Point>
      <Point>BASIN</Point>
      <Point>GTC</Point>
      <Point>IXE</Point>
      <Point>GLAXY</Point>
      <Point>SWAMP</Point>
      <Point>NODAN</Point>
      <Point>ASTER</Point>
      <Point>SDE</Point>
      <Point>FINCH</Point>
      <Point>YONEX</Point>
      <Point>ELDAK</Point>
      <Point>GTC15DME</Point>
      <Point>NIPPI</Point>
      <Point>NOGAL</Point>
      <Point>NUBDA</Point>
      <Point>NANNO</Point>
      <Point>NANAC</Point>
      <Point>NIKON</Point>
      <Point>BEKEN</Point>
      <Point>OMOTO</Point>
      <Point>OPULO</Point>
      <Point>ONEMU</Point>
      <Point>MAKMU</Point>
      <Point>OATIS</Point>
      <Point>SALVA</Point>
      <Point>ADNAP</Point>
      <Point>ADGOR</Point>
      <Point>SEDKU</Point>
      <Point>LILRA</Point>
      <Point>DASSY</Point>
      <Point>KABTO</Point>
      <Point>WKE30DME</Point>
      <Point>RUMOI</Point>
      <Point>SUIKA</Point>
      <Point>BEEBA</Point>
      <Point>KURIS</Point>
      <Point>CHE</Point>
      <Point>NSE</Point>
      <Point>MASHU</Point>
      <Point>TCE</Point>
      <Point>RUGMO</Point>
      <Point>IBOSA</Point>
      <Point>NODUK</Point>
      <Point>ONUMI</Point>
      <Point>TOMAM</Point>
      <Point>SPE</Point>
      <Point>MOIWA</Point>
      <Point>SPE39DME</Point>
      <Point>TEKKO</Point>
      <Point>HWE35DME</Point>
      <Point>HWE25DME</Point>
      <Point>UPLOK</Point>
      <Point>HWE8DME</Point>
      <Point>HWE</Point>
      <Point>SAKIN</Point>
      <Point>TBE30DME</Point>
      <Point>TBE10DME</Point>
      <Point>GINGA</Point>
      <Point>OSROB</Point>
      <Point>OBE</Point>
      <Point>RUNPA</Point>
      <Point>BISEI</Point>
      <Point>BOKSO</Point>
      <Point>KABRU</Point>
      <Point>RAKNO</Point>
      <Point>TSUKA</Point>
      <Point>TBE20DME</Point>
      <Point>AWE5DME</Point>
      <Point>ASIBE</Point>
      <Point>SAROM</Point>
      <Point>LUBEK</Point>
      <Point>ORE</Point>
      <Point>IKORU</Point>
      <Point>MAIKA</Point>
      <Point>ESASI</Point>
      <Point>PATRA</Point>
      <Point>WAPPA</Point>
      <Point>SAMBO</Point>
      <Point>MIS</Point>
      <Point>SIRAO</Point>
      <Point>KAMDO</Point>
      <Point>TIKYU</Point>
      <Point>OHMAR</Point>
      <Point>MRE</Point>
      <Point>YACHI</Point>
      <Point>MRE21DME</Point>
      <Point>HINAI</Point>
      <Point>MRE32DME</Point>
      <Point>MRE51DME</Point>
      <Point>MONAI</Point>
      <Point>YTE</Point>
      <Point>KALON</Point>
      <Point>AKAGI</Point>
      <Point>SYE</Point>
      <Point>ITTOH</Point>
      <Point>SZE</Point>
      <Point>MIKKA</Point>
      <Point>CBE</Point>
      <Point>NIVIL</Point>
      <Point>GYOGN</Point>
      <Point>SANGO</Point>
      <Point>HCE</Point>
      <Point>TOBBY</Point>
      <Point>OBCHI</Point>
      <Point>CAVES</Point>
      <Point>MQE</Point>
      <Point>HERON</Point>
      <Point>FKE</Point>
      <Point>RITTO</Point>
      <Point>BIWWA</Point>
      <Point>ADGUN</Point>
      <Point>MIDER</Point>
      <Point>ITE</Point>
      <Point>ARIMA</Point>
      <Point>BUMER</Point>
      <Point>AYAYA</Point>
      <Point>OLIVE</Point>
      <Point>OYE</Point>
      <Point>WASYU</Point>
      <Point>HGE</Point>
      <Point>MASKU</Point>
      <Point>MARCO</Point>
      <Point>KATTA</Point>
      <Point>UBE</Point>
      <Point>SWE</Point>
      <Point>ONGHA</Point>
      <Point>OIE</Point>
      <Point>DOZEN</Point>
      <Point>KYOKA</Point>
      <Point>MIYOS</Point>
      <Point>ESANN</Point>
      <Point>TSURU</Point>
      <Point>OBAKO</Point>
      <Point>ATUMI</Point>
      <Point>BUDOH</Point>
      <Point>INAHO</Point>
      <Point>TERAD</Point>
      <Point>HAKBA</Point>
      <Point>GORYU</Point>
      <Point>KMC75DME</Point>
      <Point>IKUJI</Point>
      <Point>URUSI</Point>
      <Point>IMIZU</Point>
      <Point>OYABE</Point>
      <Point>KMC</Point>
      <Point>TAXIR</Point>
      <Point>HIBAR</Point>
      <Point>BYOBU</Point>
      <Point>MAGGY</Point>
      <Point>UWE</Point>
      <Point>YAYOI</Point>
      <Point>SEBGA</Point>
      <Point>KENSI</Point>
      <Point>AWASI</Point>
      <Point>MAGNA</Point>
      <Point>NAEBA</Point>
      <Point>AZUMI</Point>
      <Point>KCC75DME</Point>
      <Point>KCC55DME</Point>
      <Point>OWARI</Point>
      <Point>CHOKA</Point>
      <Point>MIKUM</Point>
      <Point>MAMRO</Point>
      <Point>HPE15DME</Point>
      <Point>HPE</Point>
      <Point>MORIO</Point>
      <Point>HPE10DME</Point>
      <Point>HPE12DME</Point>
      <Point>HANKA</Point>
      <Point>GTC20DME</Point>
      <Point>CRANE</Point>
      <Point>SAPEM</Point>
      <Point>AREPO</Point>
      <Point>OLNAS</Point>
      <Point>PALVA</Point>
      <Point>RUNID</Point>
      <Point>LAVOT</Point>
      <Point>YTE15DME</Point>
      <Point>KISEI</Point>
      <Point>PADOC</Point>
      <Point>TOSAR</Point>
      <Point>RYOMA</Point>
      <Point>KRE25DME</Point>
      <Point>KRE</Point>
      <Point>KTE</Point>
      <Point>KOMPI</Point>
      <Point>SAKAI</Point>
      <Point>MALTA</Point>
      <Point>MYE</Point>
      <Point>HEIGU</Point>
      <Point>TFE</Point>
      <Point>WOODY</Point>
      <Point>IGLAT</Point>
      <Point>ASONO</Point>
      <Point>KAZMA</Point>
      <Point>TUJUN</Point>
      <Point>KUE</Point>
      <Point>ESNAL</Point>
      <Point>IRPIN</Point>
      <Point>MILEP</Point>
      <Point>OLE</Point>
      <Point>OSETO</Point>
      <Point>AGRIT</Point>
      <Point>CARCO</Point>
      <Point>KMC25DME</Point>
      <Point>OHNNO</Point>
      <Point>HACHI</Point>
      <Point>MINOU</Point>
      <Point>SHIMA</Point>
      <Point>AYANO</Point>
      <Point>OBOKE</Point>
      <Point>POPPY</Point>
      <Point>SUSAK</Point>
      <Point>OKITU</Point>
      <Point>BARBA</Point>
      <Point>ORAMO</Point>
      <Point>KROMA</Point>
      <Point>HIGOH</Point>
      <Point>ROKKO</Point>
      <Point>SANDA</Point>
      <Point>IZUMI</Point>
      <Point>IYOKA</Point>
      <Point>OSAMU</Point>
      <Point>NORAN</Point>
      <Point>ROCKY</Point>
      <Point>OMOGO</Point>
      <Point>HAPPO</Point>
      <Point>MBE</Point>
      <Point>MBE10DME</Point>
      <Point>TENRU</Point>
      <Point>DEMPA</Point>
      <Point>GURAR</Point>
      <Point>SABAN</Point>
      <Point>POMAS</Point>
      <Point>DONAN</Point>
      <Point>TAMAK</Point>
      <Point>DELTA</Point>
      <Point>ESKOB</Point>
      <Point>NANJO</Point>
      <Point>BUICK</Point>
      <Point>TOPAT</Point>
      <Point>HALMA</Point>
      <Point>CORCO</Point>
      <Point>WHALE</Point>
      <Point>NIRAI</Point>
      <Point>SHUJI</Point>
      <Point>UMAKI</Point>
      <Point>KAMPU</Point>
      <Point>GUSUK</Point>
      <Point>IGE</Point>
      <Point>OLVAL</Point>
      <Point>DODGE</Point>
      <Point>RYOSA</Point>
      <Point>PAYAO</Point>
      <Point>HIRAR</Point>
    </Label>
  </Map>
</Maps>