﻿<?xml version="1.0" encoding="utf-8"?>
<Maps>
  <Map Type="System" Name="RJFF_16" Priority="0" Center="+33.584445+130.451667">
    <Runway Name="16_34">
      <Threshold Name="16" Position="+33.596904+130.443193" ExtendedCentrelineTrack="330" ExtendedCentrelineLength="21" ExtendedCentrelineTickInterval="2"/>
      <Threshold Name="34" Position="+33.574965+130.458192"/>
    </Runway>
    <Symbol Type="HollowTriangle">
      <Point>YAMEK</Point>
      <Point>DAIZE</Point>
      <Point>BRUIN</Point>
      <Point>YAMGA</Point>
      <Point>KEIKA</Point>
      <Point>IPUDO</Point>
      <Point>AJISE</Point>
      <Point>OGUNI</Point>
      <Point>MIZMA</Point>
      <Point>ABECK</Point>
      <Point>UMAKA</Point>
      <Point>YOKAT</Point>
      <Point>KOHZA</Point>
      <Point>BRAID</Point>
      <Point>MARCO</Point>
      <Point>LUFFY</Point>
      <Point>CHOPP</Point>
      <Point>SPIDE</Point>
      <Point>SANJI</Point>
      <Point>YANKS</Point>
      <Point>SALTY</Point>
      <Point>AMAGA</Point>
      <Point>HOSEN</Point>
      <Point>RUISA</Point>
      <Point>SABAR</Point>
      <Point>OSTEP</Point>
      <Point>AMAOH</Point>
      <Point>UGROT</Point>
      <Point>IKOLO</Point>
      <Point>ELMIS</Point>
      <Point>SAKOX</Point>
      <Point>ENTIX</Point>
      <Point>AINOS</Point>
      <Point>NOKOH</Point>
      <Point>OKINO</Point>
      <Point>ANBIM</Point>
      <Point>OBKOS</Point>  
      <Point>RISRU</Point>      
      <Point>CARRY</Point>      
      <Point>ZAKRO</Point>        
      <Point>FRAIZ</Point>        
      <Point>OLVIN</Point>        
      <Point>GUSPA</Point>
      <Point>OMUTA</Point>
      <Point>ATSAG</Point>
      <Point>SARUP</Point>
      <Point>ISKUP</Point>
      <Point>HONOK</Point>
      <Point>KEYAH</Point>
      <Point>EBISU</Point>
      <Point>LAGER</Point>
      <Point>MALTS</Point>
      <Point>IDOLI</Point>
      <Point>KIRIN</Point>
      <Point>STOUT</Point>  
    </Symbol>
    <Symbol Type="Hexagon">
      <Point>DGC</Point>
      <Point>IKE</Point>
      <Point>SGE</Point>
      <Point>KUE</Point>
      <Point>TFE</Point>
      <Point>MYE</Point>  
    </Symbol>
    <Symbol Type="HollowSquare">
      <Point>DGC</Point>
      <Point>IKE</Point>
      <Point>SGE</Point>
      <Point>KUE</Point>
      <Point>TFE</Point>
      <Point>MYE</Point> 
    </Symbol>
  </Map>
  <Map Type="System" Name="RJFF_16_LABEL" Priority="2" Center="+33.584445+130.451667">
    <Label>
      <Point>YAMEK</Point>
      <Point>DAIZE</Point>
      <Point>BRUIN</Point>
      <Point>OMUTA</Point>
      <Point>YAMGA</Point>
      <Point>KEIKA</Point>
      <Point>IPUDO</Point>
      <Point>AJISE</Point>
      <Point>OGUNI</Point>
      <Point>MIZMA</Point>
      <Point>ABECK</Point>
      <Point>UMAKA</Point>
      <Point>YOKAT</Point>
      <Point>KOHZA</Point>
      <Point>BRAID</Point>
      <Point>MARCO</Point>
      <Point>LUFFY</Point>
      <Point>CHOPP</Point>
      <Point>SPIDE</Point>
      <Point>SANJI</Point>
      <Point>YANKS</Point>
      <Point>SALTY</Point>
      <Point>AMAGA</Point>
      <Point>HOSEN</Point>
      <Point>RUISA</Point>
      <Point>SABAR</Point>
      <Point>OSTEP</Point>
      <Point>AMAOH</Point>
      <Point>UGROT</Point>
      <Point>IKOLO</Point>
      <Point>ELMIS</Point>
      <Point>SAKOX</Point>
      <Point>ENTIX</Point>
      <Point>AINOS</Point>
      <Point>NOKOH</Point>
      <Point>OKINO</Point>
      <Point>ANBIM</Point>
      <Point>OBKOS</Point>
      <Point>ATSAG</Point>
      <Point>SARUP</Point>
      <Point>ISKUP</Point>
      <Point>HONOK</Point>
      <Point>KEYAH</Point>
      <Point>EBISU</Point>
      <Point>LAGER</Point>
      <Point>MALTS</Point>
      <Point>IDOLI</Point>
      <Point>KIRIN</Point>
      <Point>DGC</Point>
      <Point>IKE</Point>
      <Point>SGE</Point>
      <Point>KUE</Point>
      <Point>TFE</Point>
      <Point>MYE</Point>
      <Point>STOUT</Point>      
      <Point>RISRU</Point>      
      <Point>CARRY</Point>      
      <Point>ZAKRO</Point>        
      <Point>FRAIZ</Point>        
      <Point>OLVIN</Point>        
      <Point>GUSPA</Point>    
    </Label>
  </Map>
  <Map Type="System" Name="RJFF_STAR_16" Priority="0" Center="+33.584445+130.451667">
    <Line Name="OSTEP" Pattern="Dotted">
      <Point>
        OSTEP/
        HONOK/
        AMAOH/
        KEYAH/
        UGROT/
        FF670/
        FF671/
        FF672/
        FF673/
        SAKOX/
        ENTIX
      </Point>
    </Line>
  </Map>
  <Map Type="System" Name="RJFF_IAP_16" Priority="0" CustomColourName="IAP" Center="+33.584445+130.451667">
    <Line Name="RNP" Pattern="Dotted">
      <Point>
        MALTS/
        AINOS/
        FF651/
        FF652/
        +33.596904+130.443193
      </Point>
    </Line>
    <Line Name="RNP" Pattern="Dotted">
      <Point>
        ENTIX/
        MALTS
      </Point>
    </Line>
    <Line Name="RNP" Pattern="Dotted">
      <Point>
        NOKOH/
        MALTS
      </Point>
    </Line>
    <Line Name="RNP" Pattern="Dotted">
      <Point>
        OKINO/
        MALTS
      </Point>
    </Line>
  </Map>
</Maps>